Iteration,Interval,Density
150000,0;0.5,0
150000,0.5;1,49.1107
150000,1;1.5,169.776
150000,1.5;2,114.282
150000,2;2.5,113.934
150000,2.5;3,97.8645
150000,3;3.5,89.1769
150000,3.5;4,80.2367
150000,4;4.5,70.4712
150000,4.5;5,62.9619
150000,5;5.5,55.3802
150000,5.5;6,48.3526
150000,6;6.5,41.7074
150000,6.5;7,35.7845
150000,7;7.5,29.6951
150000,7.5;8,24.2136
150000,8;8.5,18.9864
150000,8.5;9,13.8948
150000,9;9.5,9.60695
150000,9.5;10,6.03757
150000,10;10.5,3.74702
150000,10.5;11,2.15221
150000,11;11.5,1.1253
150000,11.5;12,0.588979
150000,12;12.5,0.219512
150000,12.5;13,0.0969124
150000,13;13.5,0.0271931
150000,13.5;14,0.00589203
150000,14;14.5,0.000783693
150000,14.5;15,0
150000,15;15.5,0
150000,15.5;16,0
151000,0;0.5,0
151000,0.5;1,46.6551
151000,1;1.5,164.147
151000,1.5;2,117.224
151000,2;2.5,113.183
151000,2.5;3,98.2003
151000,3;3.5,90.395
151000,3.5;4,79.9994
151000,4;4.5,71.3337
151000,4.5;5,63.0042
151000,5;5.5,55.8244
151000,5.5;6,48.1025
151000,6;6.5,41.6015
151000,6.5;7,35.6239
151000,7;7.5,29.3501
151000,7.5;8,24.1156
151000,8;8.5,18.5983
151000,8.5;9,13.8221
151000,9;9.5,9.55302
151000,9.5;10,6.26354
151000,10;10.5,3.74853
151000,10.5;11,2.17975
151000,11;11.5,1.21582
151000,11.5;12,0.5763
151000,12;12.5,0.26193
151000,12.5;13,0.0969124
151000,13;13.5,0.0398832
151000,13.5;14,0.00841719
151000,14;14.5,0.00391846
151000,14.5;15,0.00146293
151000,15;15.5,0
151000,15.5;16,0
152000,0;0.5,0
152000,0.5;1,44.4724
152000,1;1.5,173.898
152000,1.5;2,116.45
152000,2;2.5,115.687
152000,2.5;3,101.789
152000,3;3.5,93.2222
152000,3.5;4,83.0845
152000,4;4.5,73.9124
152000,4.5;5,65.0973
152000,5;5.5,57.4689
152000,5.5;6,49.1079
152000,6;6.5,42.1757
152000,6.5;7,35.3621
152000,7;7.5,29.1503
152000,7.5;8,23.26
152000,8;8.5,18.3505
152000,8.5;9,13.2506
152000,9;9.5,8.99326
152000,9.5;10,5.62245
152000,10;10.5,3.50318
152000,10.5;11,1.94291
152000,11;11.5,1.1429
152000,11.5;12,0.519823
152000,12;12.5,0.247083
152000,12.5;13,0.0861443
152000,13;13.5,0.0271931
152000,13.5;14,0.0117841
152000,14;14.5,0.000783693
152000,14.5;15,0
152000,15;15.5,0
152000,15.5;16,0
153000,0;0.5,0
153000,0.5;1,47.4736
153000,1;1.5,170.279
153000,1.5;2,115.83
153000,2;2.5,117.284
153000,2.5;3,100.068
153000,3;3.5,92.8763
153000,3.5;4,81.3894
153000,4;4.5,73.8068
153000,4.5;5,64.5124
153000,5;5.5,56.5284
153000,5.5;6,48.9059
153000,6;6.5,42.1961
153000,6.5;7,35.5576
153000,7;7.5,29.4712
153000,7.5;8,23.6282
153000,8;8.5,18.2056
153000,8.5;9,13.529
153000,9;9.5,9.18481
153000,9.5;10,5.73795
153000,10;10.5,3.49106
153000,10.5;11,1.95943
153000,11;11.5,1.13158
153000,11.5;12,0.516365
153000,12;12.5,0.231177
153000,12.5;13,0.0949546
153000,13;13.5,0.0317252
153000,13.5;14,0.0109423
153000,14;14.5,0.00156739
153000,14.5;15,0
153000,15;15.5,0
153000,15.5;16,0
154000,0;0.5,0
154000,0.5;1,38.7429
154000,1;1.5,174.903
154000,1.5;2,110.772
154000,2;2.5,115.969
154000,2.5;3,100.656
154000,3;3.5,92.4101
154000,3.5;4,82.0222
154000,4;4.5,73.4548
154000,4.5;5,64.6674
154000,5;5.5,56.5572
154000,5.5;6,48.5306
154000,6;6.5,41.9314
154000,6.5;7,35.177
154000,7;7.5,29.3138
154000,7.5;8,23.6838
154000,8;8.5,18.5048
154000,8.5;9,13.3836
154000,9;9.5,9.28523
154000,9.5;10,5.78481
154000,10;10.5,3.65312
154000,10.5;11,2.04067
154000,11;11.5,1.16176
154000,11.5;12,0.54057
154000,12;12.5,0.249204
154000,12.5;13,0.0949546
154000,13;13.5,0.0308188
154000,13.5;14,0.0117841
154000,14;14.5,0.00156739
154000,14.5;15,0.000731467
154000,15;15.5,0
154000,15.5;16,0
155000,0;0.5,0
155000,0.5;1,40.3799
155000,1;1.5,169.073
155000,1.5;2,115.056
155000,2;2.5,113.527
155000,2.5;3,100.593
155000,3;3.5,91.0567
155000,3.5;4,81.8979
155000,4;4.5,73.1027
155000,4.5;5,64.2446
155000,5;5.5,56.7476
155000,5.5;6,48.3863
155000,6;6.5,42.0902
155000,6.5;7,35.2224
155000,7;7.5,29.3743
155000,7.5;8,23.5752
155000,8;8.5,18.2547
155000,8.5;9,13.6891
155000,9;9.5,9.23874
155000,9.5;10,5.89696
155000,10;10.5,3.73642
155000,10.5;11,2.10401
155000,11;11.5,1.16176
155000,11.5;12,0.568232
155000,12;12.5,0.249204
155000,12.5;13,0.0949546
155000,13;13.5,0.0380703
155000,13.5;14,0.0143092
155000,14;14.5,0.00156739
155000,14.5;15,0
155000,15;15.5,0
155000,15.5;16,0
156000,0;0.5,0
156000,0.5;1,40.9256
156000,1;1.5,169.374
156000,1.5;2,115.572
156000,2;2.5,114.153
156000,2.5;3,98.0115
156000,3;3.5,91.5529
156000,3.5;4,81.0278
156000,4;4.5,73.0235
156000,4.5;5,63.6667
156000,5;5.5,56.6842
156000,5.5;6,48.141
156000,6;6.5,41.9721
156000,6.5;7,35.3656
156000,7;7.5,29.562
156000,7.5;8,23.7368
156000,8;8.5,18.4931
156000,8.5;9,13.6704
156000,9;9.5,9.35775
156000,9.5;10,5.97731
156000,10;10.5,3.67129
156000,10.5;11,2.10401
156000,11;11.5,1.15296
156000,11.5;12,0.557859
156000,12;12.5,0.270413
156000,12.5;13,0.0861443
156000,13;13.5,0.0317252
156000,13.5;14,0.0126258
156000,14;14.5,0.00313477
156000,14.5;15,0
156000,15;15.5,0
156000,15.5;16,0
157000,0;0.5,0
157000,0.5;1,41.1984
157000,1;1.5,172.39
157000,1.5;2,112.94
157000,2;2.5,114.122
157000,2.5;3,99.5645
157000,3;3.5,91.6883
157000,3.5;4,81.0617
157000,4;4.5,73.2699
157000,4.5;5,63.9063
157000,5;5.5,56.863
157000,5.5;6,48.3238
157000,6;6.5,42.192
157000,6.5;7,34.8977
157000,7;7.5,29.4742
157000,7.5;8,23.6812
157000,8;8.5,18.6615
157000,8.5;9,13.554
157000,9;9.5,9.3187
157000,9.5;10,5.93881
157000,10;10.5,3.73187
157000,10.5;11,2.01451
157000,11;11.5,1.18942
157000,11.5;12,0.539417
157000,12;12.5,0.233298
157000,12.5;13,0.0871233
157000,13;13.5,0.0426025
157000,13.5;14,0.0092589
157000,14;14.5,0.00313477
157000,14.5;15,0
157000,15;15.5,0
157000,15.5;16,0
158000,0;0.5,0
158000,0.5;1,36.2873
158000,1;1.5,175.908
158000,1.5;2,113.662
158000,2;2.5,115.531
158000,2.5;3,100.236
158000,3;3.5,92.4402
158000,3.5;4,81.8188
158000,4;4.5,73.3844
158000,4.5;5,65.1748
158000,5;5.5,56.4303
158000,5.5;6,48.9877
158000,6;6.5,41.911
158000,6.5;7,35.5995
158000,7;7.5,29.223
158000,7.5;8,23.7077
158000,8;8.5,18.3973
158000,8.5;9,13.8137
158000,9;9.5,8.98024
158000,9.5;10,5.80155
158000,10;10.5,3.47591
158000,10.5;11,1.99936
158000,11;11.5,1.08129
158000,11.5;12,0.544028
158000,12;12.5,0.221633
158000,12.5;13,0.0861443
158000,13;13.5,0.0271931
158000,13.5;14,0.0117841
158000,14;14.5,0.00313477
158000,14.5;15,0
158000,15;15.5,0
158000,15.5;16,0
159000,0;0.5,0
159000,0.5;1,38.1972
159000,1;1.5,177.516
159000,1.5;2,109.43
159000,2;2.5,118.756
159000,2.5;3,99.3756
159000,3;3.5,91.3725
159000,3.5;4,81.6832
159000,4;4.5,73.2083
159000,4.5;5,63.8851
159000,5;5.5,56.2283
159000,5.5;6,49.5216
159000,6;6.5,41.6219
159000,6.5;7,35.9277
159000,7;7.5,29.1988
159000,7.5;8,23.9196
159000,8;8.5,18.3435
159000,8.5;9,13.8553
159000,9;9.5,9.14761
159000,9.5;10,5.7664
159000,10;10.5,3.485
159000,10.5;11,2.03516
159000,11;11.5,1.09638
159000,11.5;12,0.54057
159000,12;12.5,0.232237
159000,12.5;13,0.0871233
159000,13;13.5,0.0317252
159000,13.5;14,0.00505031
159000,14;14.5,0.000783693
159000,14.5;15,0
159000,15;15.5,0
159000,15.5;16,0
160000,0;0.5,0
160000,0.5;1,33.2861
160000,1;1.5,174.702
160000,1.5;2,114.901
160000,2;2.5,116.407
160000,2.5;3,101.013
160000,3;3.5,91.5229
160000,3.5;4,82.9263
160000,4;4.5,73.0587
160000,4.5;5,64.9141
160000,5;5.5,56.4707
160000,5.5;6,49.5746
160000,6;6.5,41.8011
160000,6.5;7,35.5506
160000,7;7.5,29.562
160000,7.5;8,23.5488
160000,8;8.5,18.4674
160000,8.5;9,13.4958
160000,9;9.5,9.1253
160000,9.5;10,5.67601
160000,10;10.5,3.50469
160000,10.5;11,2.00212
160000,11;11.5,1.02471
160000,11.5;12,0.503686
160000,12;12.5,0.230116
160000,12.5;13,0.0881022
160000,13;13.5,0.0317252
160000,13.5;14,0.00841719
160000,14;14.5,0.000783693
160000,14.5;15,0.00146293
160000,15;15.5,0
160000,15.5;16,0
161000,0;0.5,0
161000,0.5;1,35.4688
161000,1;1.5,175.808
161000,1.5;2,111.185
161000,2;2.5,117.19
161000,2.5;3,100.614
161000,3;3.5,90.9514
161000,3.5;4,81.5137
161000,4;4.5,71.8178
161000,4.5;5,64.2093
161000,5;5.5,56.8284
161000,5.5;6,48.8145
161000,6;6.5,41.8133
161000,6.5;7,35.7845
161000,7;7.5,29.7224
161000,7.5;8,23.5911
161000,8;8.5,18.6124
161000,8.5;9,13.6683
161000,9;9.5,9.18667
161000,9.5;10,5.76138
161000,10;10.5,3.60465
161000,10.5;11,1.96494
161000,11;11.5,1.13158
161000,11.5;12,0.539417
161000,12;12.5,0.2386
161000,12.5;13,0.0959335
161000,13;13.5,0.0371639
161000,13.5;14,0.00757547
161000,14;14.5,0.00313477
161000,14.5;15,0.00146293
161000,15;15.5,0
161000,15.5;16,0
162000,0;0.5,0
162000,0.5;1,31.3763
162000,1;1.5,181.135
162000,1.5;2,111.907
162000,2;2.5,118.474
162000,2.5;3,101.244
162000,3;3.5,94.0944
162000,3.5;4,82.5534
162000,4;4.5,74.4053
162000,4.5;5,64.8929
162000,5;5.5,57.365
162000,5.5;6,49.0887
162000,6;6.5,42.1879
162000,6.5;7,35.3725
162000,7;7.5,29.4923
162000,7.5;8,23.4878
162000,8;8.5,18.1752
162000,8.5;9,13.1487
162000,9;9.5,8.97467
162000,9.5;10,5.54211
162000,10;10.5,3.40321
162000,10.5;11,2.01176
162000,11;11.5,1.06369
162000,11.5;12,0.562469
162000,12;12.5,0.244963
162000,12.5;13,0.0802709
162000,13;13.5,0.0335381
162000,13.5;14,0.0151509
162000,14;14.5,0.000783693
162000,14.5;15,0.000731467
162000,15;15.5,0
162000,15.5;16,0
163000,0;0.5,0
163000,0.5;1,33.2861
163000,1;1.5,173.998
163000,1.5;2,113.404
163000,2;2.5,115.312
163000,2.5;3,99.1868
163000,3;3.5,90.3048
163000,3.5;4,80.361
163000,4;4.5,71.9058
163000,4.5;5,63.7865
163000,5;5.5,54.6704
163000,5.5;6,49.3725
163000,6;6.5,41.4183
163000,6.5;7,35.802
163000,7;7.5,29.2442
163000,7.5;8,23.8269
163000,8;8.5,18.6848
163000,8.5;9,13.7867
163000,9;9.5,9.32428
163000,9.5;10,6.0677
163000,10;10.5,3.70613
163000,10.5;11,2.18938
163000,11;11.5,1.20199
163000,11.5;12,0.614336
163000,12;12.5,0.251325
163000,12.5;13,0.111596
163000,13;13.5,0.0344445
163000,13.5;14,0.0126258
163000,14;14.5,0.00235108
163000,14.5;15,0.000731467
163000,15;15.5,0
163000,15.5;16,0
164000,0;0.5,0
164000,0.5;1,29.7392
164000,1;1.5,175.607
164000,1.5;2,110.927
164000,2;2.5,114.999
164000,2.5;3,97.5917
164000,3;3.5,92.2297
164000,3.5;4,80.3836
164000,4;4.5,72.8123
164000,4.5;5,63.9909
164000,5;5.5,56.4245
164000,5.5;6,48.6653
164000,6;6.5,41.8499
164000,6.5;7,34.9745
164000,7;7.5,29.5196
164000,7.5;8,23.607
164000,8;8.5,18.4581
164000,8.5;9,13.7992
164000,9;9.5,9.30754
164000,9.5;10,6.06937
164000,10;10.5,3.68947
164000,10.5;11,2.16322
164000,11;11.5,1.16679
164000,11.5;12,0.5982
164000,12;12.5,0.264051
164000,12.5;13,0.0959335
164000,13;13.5,0.0407896
164000,13.5;14,0.0126258
164000,14;14.5,0.00391846
164000,14.5;15,0.000731467
164000,15;15.5,0.000684292
164000,15.5;16,0
165000,0;0.5,0
165000,0.5;1,27.8294
165000,1;1.5,176.913
165000,1.5;2,107.365
165000,2;2.5,114.341
165000,2.5;3,96.1016
165000,3;3.5,89.9288
165000,3.5;4,78.1686
165000,4;4.5,70.3744
165000,4.5;5,62.5743
165000,5;5.5,55.1378
165000,5.5;6,47.8956
165000,6;6.5,41.2025
165000,6.5;7,35.2957
165000,7;7.5,29.4348
165000,7.5;8,24.0573
165000,8;8.5,19.1407
165000,8.5;9,14.192
165000,9;9.5,9.71852
165000,9.5;10,6.40916
165000,10;10.5,3.8485
165000,10.5;11,2.37114
165000,11;11.5,1.22085
165000,11.5;12,0.662745
165000,12;12.5,0.283138
165000,12.5;13,0.113554
165000,13;13.5,0.0326317
165000,13.5;14,0.0159927
165000,14;14.5,0.00313477
165000,14.5;15,0.00146293
165000,15;15.5,0
165000,15.5;16,0
166000,0;0.5,0
166000,0.5;1,30.2849
166000,1;1.5,178.723
166000,1.5;2,107.83
166000,2;2.5,117.034
166000,2.5;3,98.1164
166000,3;3.5,92.5906
166000,3.5;4,80.9826
166000,4;4.5,72.8299
166000,4.5;5,64.6815
166000,5;5.5,56.5745
166000,5.5;6,49.0213
166000,6;6.5,41.8907
166000,6.5;7,35.2119
166000,7;7.5,29.45
166000,7.5;8,23.5991
166000,8;8.5,18.6521
166000,8.5;9,13.6018
166000,9;9.5,9.43772
166000,9.5;10,5.86014
166000,10;10.5,3.53195
166000,10.5;11,2.07234
166000,11;11.5,1.07878
166000,11.5;12,0.561317
166000,12;12.5,0.219512
166000,12.5;13,0.101807
166000,13;13.5,0.0308188
166000,13.5;14,0.0092589
166000,14;14.5,0.00313477
166000,14.5;15,0.000731467
166000,15;15.5,0
166000,15.5;16,0
167000,0;0.5,0
167000,0.5;1,27.5565
167000,1;1.5,181.035
167000,1.5;2,108.139
167000,2;2.5,117.315
167000,2.5;3,101.747
167000,3;3.5,92.2748
167000,3.5;4,83.0393
167000,4;4.5,73.1115
167000,4.5;5,64.8577
167000,5;5.5,56.9034
167000,5.5;6,48.7856
167000,6;6.5,42.2124
167000,6.5;7,35.2748
167000,7;7.5,29.3047
167000,7.5;8,23.4428
167000,8;8.5,18.1402
167000,8.5;9,13.4168
167000,9;9.5,9.12716
167000,9.5;10,5.86683
167000,10;10.5,3.58345
167000,10.5;11,2.02966
167000,11;11.5,1.1341
167000,11.5;12,0.559011
167000,12;12.5,0.234358
167000,12.5;13,0.0910389
167000,13;13.5,0.0362574
167000,13.5;14,0.0109423
167000,14;14.5,0.00156739
167000,14.5;15,0.000731467
167000,15;15.5,0
167000,15.5;16,0
168000,0;0.5,0
168000,0.5;1,30.0121
168000,1;1.5,177.516
168000,1.5;2,113.817
168000,2;2.5,117.942
168000,2.5;3,100.74
168000,3;3.5,92.1545
168000,3.5;4,82.2483
168000,4;4.5,72.7771
168000,4.5;5,65.4708
168000,5;5.5,56.1014
168000,5.5;6,49.3533
168000,6;6.5,42.3468
168000,6.5;7,35.3446
168000,7;7.5,29.5075
168000,7.5;8,23.2945
168000,8;8.5,18.3763
168000,8.5;9,13.5394
168000,9;9.5,9.03045
168000,9.5;10,5.81997
168000,10;10.5,3.50469
168000,10.5;11,1.99523
168000,11;11.5,1.08632
168000,11.5;12,0.529044
168000,12;12.5,0.237539
168000,12.5;13,0.0802709
168000,13;13.5,0.0362574
168000,13.5;14,0.0092589
168000,14;14.5,0.00313477
168000,14.5;15,0
168000,15;15.5,0
168000,15.5;16,0
169000,0;0.5,0
169000,0.5;1,26.4652
169000,1;1.5,181.839
169000,1.5;2,107.159
169000,2;2.5,120.071
169000,2.5;3,97.8645
169000,3;3.5,92.4853
169000,3.5;4,82.0222
169000,4;4.5,72.2754
169000,4.5;5,64.9916
169000,5;5.5,55.9918
169000,5.5;6,48.8962
169000,6;6.5,41.7237
169000,6.5;7,35.2154
169000,7;7.5,29.4712
169000,7.5;8,23.8083
169000,8;8.5,18.3739
169000,8.5;9,13.6787
169000,9;9.5,9.25733
169000,9.5;10,5.87353
169000,10;10.5,3.65009
169000,10.5;11,2.05995
169000,11;11.5,1.13158
169000,11.5;12,0.537112
169000,12;12.5,0.236479
169000,12.5;13,0.0910389
169000,13;13.5,0.0317252
169000,13.5;14,0.0109423
169000,14;14.5,0.00235108
169000,14.5;15,0.000731467
169000,15;15.5,0
169000,15.5;16,0
170000,0;0.5,0
170000,0.5;1,22.6455
170000,1;1.5,181.236
170000,1.5;2,109.327
170000,2;2.5,116.721
170000,2.5;3,99.0398
170000,3;3.5,89.628
170000,3.5;4,80.8243
170000,4;4.5,72.0026
170000,4.5;5,63.5751
170000,5;5.5,55.6975
170000,5.5;6,48.7423
170000,6;6.5,42.0739
170000,6.5;7,35.4598
170000,7;7.5,29.4288
170000,7.5;8,23.8216
170000,8;8.5,18.8718
170000,8.5;9,13.8283
170000,9;9.5,9.32242
170000,9.5;10,6.11791
170000,10;10.5,3.56073
170000,10.5;11,2.16598
170000,11;11.5,1.10769
170000,11.5;12,0.583216
170000,12;12.5,0.221633
170000,12.5;13,0.0988702
170000,13;13.5,0.0317252
170000,13.5;14,0.00673375
170000,14;14.5,0.00235108
170000,14.5;15,0
170000,15;15.5,0
170000,15.5;16,0
171000,0;0.5,0
171000,0.5;1,25.6467
171000,1;1.5,181.738
171000,1.5;2,109.791
171000,2;2.5,117.535
171000,2.5;3,98.6831
171000,3;3.5,91.3424
171000,3.5;4,81.6267
171000,4;4.5,72.4338
171000,4.5;5,64.9352
171000,5;5.5,55.5417
171000,5.5;6,49.4735
171000,6;6.5,41.6911
171000,6.5;7,35.4249
171000,7;7.5,29.4893
171000,7.5;8,23.7315
171000,8;8.5,18.5142
171000,8.5;9,13.5748
171000,9;9.5,9.33544
171000,9.5;10,5.95722
171000,10;10.5,3.61374
171000,10.5;11,2.05444
171000,11;11.5,1.09512
171000,11.5;12,0.525586
171000,12;12.5,0.227995
171000,12.5;13,0.0871233
171000,13;13.5,0.0362574
171000,13.5;14,0.00841719
171000,14;14.5,0.00313477
171000,14.5;15,0
171000,15;15.5,0
171000,15.5;16,0
172000,0;0.5,0
172000,0.5;1,28.6479
172000,1;1.5,180.834
172000,1.5;2,110.72
172000,2;2.5,116.126
172000,2.5;3,99.6065
172000,3;3.5,91.177
172000,3.5;4,80.813
172000,4;4.5,72.293
172000,4.5;5,62.9972
172000,5;5.5,55.7667
172000,5.5;6,48.6557
172000,6;6.5,41.9762
172000,6.5;7,35.2957
172000,7;7.5,29.453
172000,7.5;8,23.7342
172000,8;8.5,18.6825
172000,8.5;9,14.0174
172000,9;9.5,9.30196
172000,9.5;10,5.97563
172000,10;10.5,3.63797
172000,10.5;11,2.13568
172000,11;11.5,1.15296
172000,11.5;12,0.565927
172000,12;12.5,0.251325
172000,12.5;13,0.0939757
172000,13;13.5,0.0335381
172000,13.5;14,0.0117841
172000,14;14.5,0.00235108
172000,14.5;15,0.000731467
172000,15;15.5,0
172000,15.5;16,0
173000,0;0.5,0
173000,0.5;1,19.6443
173000,1;1.5,181.638
173000,1.5;2,106.591
173000,2;2.5,118.098
173000,2.5;3,97.9275
173000,3;3.5,92.2447
173000,3.5;4,80.3271
173000,4;4.5,73.1731
173000,4.5;5,63.8006
173000,5;5.5,56.4014
173000,5.5;6,49.0502
173000,6;6.5,41.5323
173000,6.5;7,35.4389
173000,7;7.5,29.114
173000,7.5;8,23.6918
173000,8;8.5,18.4137
173000,8.5;9,13.8906
173000,9;9.5,9.31312
173000,9.5;10,6.02083
173000,10;10.5,3.64554
173000,10.5;11,2.21142
173000,11;11.5,1.15296
173000,11.5;12,0.539417
173000,12;12.5,0.251325
173000,12.5;13,0.0881022
173000,13;13.5,0.0344445
173000,13.5;14,0.00757547
173000,14;14.5,0.00313477
173000,14.5;15,0
173000,15;15.5,0
173000,15.5;16,0
174000,0;0.5,0
174000,0.5;1,18.0072
174000,1;1.5,188.573
174000,1.5;2,107.313
174000,2;2.5,117.754
174000,2.5;3,98.2423
174000,3;3.5,91.7033
174000,3.5;4,80.9826
174000,4;4.5,72.5218
174000,4.5;5,64.4348
174000,5;5.5,55.784
174000,5.5;6,48.8866
174000,6;6.5,41.5364
174000,6.5;7,35.17
174000,7;7.5,29.2199
174000,7.5;8,23.3766
174000,8;8.5,18.5469
174000,8.5;9,13.6475
174000,9;9.5,9.38937
174000,9.5;10,6.02083
174000,10;10.5,3.77883
174000,10.5;11,2.2004
174000,11;11.5,1.1869
174000,11.5;12,0.597047
174000,12;12.5,0.279957
174000,12.5;13,0.0920178
174000,13;13.5,0.0426025
174000,13.5;14,0.0092589
174000,14;14.5,0.00391846
174000,14.5;15,0.000731467
174000,15;15.5,0
174000,15.5;16,0
175000,0;0.5,0
175000,0.5;1,17.7344
175000,1;1.5,187.468
175000,1.5;2,110.669
175000,2;2.5,118.693
175000,2.5;3,101.453
175000,3;3.5,91.6131
175000,3.5;4,83.0845
175000,4;4.5,72.7771
175000,4.5;5,65.1044
175000,5;5.5,56.2803
175000,5.5;6,49.5024
175000,6;6.5,41.8988
175000,6.5;7,35.8474
175000,7;7.5,28.9627
175000,7.5;8,24.0865
175000,8;8.5,17.9391
175000,8.5;9,13.5561
175000,9;9.5,8.92074
175000,9.5;10,5.71284
175000,10;10.5,3.53195
175000,10.5;11,2.009
175000,11;11.5,1.11147
175000,11.5;12,0.532502
175000,12;12.5,0.231177
175000,12.5;13,0.0920178
175000,13;13.5,0.0317252
175000,13.5;14,0.00757547
175000,14;14.5,0.00313477
175000,14.5;15,0
175000,15;15.5,0
175000,15.5;16,0
176000,0;0.5,0
176000,0.5;1,15.2789
176000,1;1.5,189.78
176000,1.5;2,108.243
176000,2;2.5,120.509
176000,2.5;3,99.5226
176000,3;3.5,92.6357
176000,3.5;4,82.3613
176000,4;4.5,72.8475
176000,4.5;5,64.759
176000,5;5.5,56.3899
176000,5.5;6,49.5265
176000,6;6.5,41.7685
176000,6.5;7,35.9242
176000,7;7.5,29.2048
176000,7.5;8,23.6256
176000,8;8.5,18.257
176000,8.5;9,13.4729
176000,9;9.5,8.96909
176000,9.5;10,5.77979
176000,10;10.5,3.55013
176000,10.5;11,2.0448
176000,11;11.5,1.06997
176000,11.5;12,0.541722
176000,12;12.5,0.235419
176000,12.5;13,0.0920178
176000,13;13.5,0.0371639
176000,13.5;14,0.00841719
176000,14;14.5,0.00156739
176000,14.5;15,0
176000,15;15.5,0
176000,15.5;16,0
177000,0;0.5,0
177000,0.5;1,15.2789
177000,1;1.5,191.287
177000,1.5;2,109.12
177000,2;2.5,121.354
177000,2.5;3,100.488
177000,3;3.5,93.5681
177000,3.5;4,83.0845
177000,4;4.5,73.8508
177000,4.5;5,64.5617
177000,5;5.5,57.365
177000,5.5;6,48.9684
177000,6;6.5,42.5789
177000,6.5;7,35.0024
177000,7;7.5,29.2381
177000,7.5;8,23.1938
177000,8;8.5,18.4604
177000,8.5;9,13.0801
177000,9;9.5,9.12344
177000,9.5;10,5.57893
177000,10;10.5,3.58042
177000,10.5;11,1.96907
177000,11;11.5,1.11901
177000,11.5;12,0.527891
177000,12;12.5,0.235419
177000,12.5;13,0.09006
177000,13;13.5,0.0308188
177000,13.5;14,0.0101006
177000,14;14.5,0.00156739
177000,14.5;15,0.000731467
177000,15;15.5,0
177000,15.5;16,0
178000,0;0.5,0
178000,0.5;1,13.9147
178000,1;1.5,193.197
178000,1.5;2,110.462
178000,2;2.5,119.726
178000,2.5;3,101.537
178000,3;3.5,92.8011
178000,3.5;4,82.8359
178000,4;4.5,74.0709
178000,4.5;5,64.4771
178000,5;5.5,56.7419
178000,5.5;6,49.3581
178000,6;6.5,42.2857
178000,6.5;7,35.5751
178000,7;7.5,29.7072
178000,7.5;8,23.2097
178000,8;8.5,18.229
178000,8.5;9,13.0718
178000,9;9.5,8.91516
178000,9.5;10,5.7279
178000,10;10.5,3.45471
178000,10.5;11,2.00762
178000,11;11.5,1.11398
178000,11.5;12,0.510602
178000,12;12.5,0.23966
178000,12.5;13,0.0812498
178000,13;13.5,0.0308188
178000,13.5;14,0.0109423
178000,14;14.5,0.00235108
178000,14.5;15,0
178000,15;15.5,0
178000,15.5;16,0
179000,0;0.5,0
179000,0.5;1,9.82213
179000,1;1.5,190.785
179000,1.5;2,103.081
179000,2;2.5,119.476
179000,2.5;3,96.3325
179000,3;3.5,93.147
179000,3.5;4,79.7847
179000,4;4.5,72.7859
179000,4.5;5,63.1945
179000,5;5.5,56.2456
179000,5.5;6,48.9492
179000,6;6.5,41.5893
179000,6.5;7,35.4424
179000,7;7.5,29.0777
179000,7.5;8,23.8693
179000,8;8.5,18.4534
179000,8.5;9,13.9197
179000,9;9.5,9.34474
179000,9.5;10,5.94383
179000,10;10.5,3.71673
179000,10.5;11,2.17148
179000,11;11.5,1.21582
179000,11.5;12,0.556706
179000,12;12.5,0.283138
179000,12.5;13,0.0949546
179000,13;13.5,0.0453218
179000,13.5;14,0.0126258
179000,14;14.5,0.00313477
179000,14.5;15,0.000731467
179000,15;15.5,0
179000,15.5;16,0
180000,0;0.5,0
180000,0.5;1,10.095
180000,1;1.5,192.594
180000,1.5;2,106.281
180000,2;2.5,121.104
180000,2.5;3,97.9065
180000,3;3.5,93.7185
180000,3.5;4,82.4517
180000,4;4.5,73.7804
180000,4.5;5,65.3722
180000,5;5.5,56.3149
180000,5.5;6,49.1127
180000,6;6.5,42.0047
180000,6.5;7,34.4124
180000,7;7.5,29.5408
180000,7.5;8,23.2229
180000,8;8.5,18.4628
180000,8.5;9,13.4792
180000,9;9.5,9.12716
180000,9.5;10,5.85679
180000,10;10.5,3.64706
180000,10.5;11,2.03654
180000,11;11.5,1.14667
180000,11.5;12,0.526739
180000,12;12.5,0.232237
180000,12.5;13,0.0998491
180000,13;13.5,0.0317252
180000,13.5;14,0.0092589
180000,14;14.5,0.00235108
180000,14.5;15,0
180000,15;15.5,0
180000,15.5;16,0
181000,0;0.5,0
181000,0.5;1,8.18511
181000,1;1.5,192.896
181000,1.5;2,102.565
181000,2;2.5,118.975
181000,2.5;3,96.1646
181000,3;3.5,93.6583
181000,3.5;4,80.9826
181000,4;4.5,73.8068
181000,4.5;5,63.8992
181000,5;5.5,56.0783
181000,5.5;6,49.2667
181000,6;6.5,41.8907
181000,6.5;7,35.0304
181000,7;7.5,29.1715
181000,7.5;8,23.3527
181000,8;8.5,18.6872
181000,8.5;9,13.6059
181000,9;9.5,9.33358
181000,9.5;10,5.96726
181000,10;10.5,3.70764
181000,10.5;11,2.11227
181000,11;11.5,1.13661
181000,11.5;12,0.572843
181000,12;12.5,0.26299
181000,12.5;13,0.0890811
181000,13;13.5,0.0480411
181000,13.5;14,0.0092589
181000,14;14.5,0.00470216
181000,14.5;15,0
181000,15;15.5,0
181000,15.5;16,0
182000,0;0.5,0
182000,0.5;1,6.82093
182000,1;1.5,196.213
182000,1.5;2,105.197
182000,2;2.5,119.507
182000,2.5;3,96.6473
182000,3;3.5,92.9816
182000,3.5;4,80.8921
182000,4;4.5,73.6396
182000,4.5;5,63.9274
182000,5;5.5,57.0073
182000,5.5;6,48.8048
182000,6;6.5,41.5812
182000,6.5;7,35.3097
182000,7;7.5,29.2623
182000,7.5;8,23.5011
182000,8;8.5,18.5726
182000,8.5;9,13.6579
182000,9;9.5,9.32614
182000,9.5;10,5.87185
182000,10;10.5,3.65766
182000,10.5;11,2.07372
182000,11;11.5,1.12655
182000,11.5;12,0.556706
182000,12;12.5,0.242842
182000,12.5;13,0.0949546
182000,13;13.5,0.0244738
182000,13.5;14,0.0117841
182000,14;14.5,0.00313477
182000,14.5;15,0
182000,15;15.5,0
182000,15.5;16,0
183000,0;0.5,0
183000,0.5;1,3.81972
183000,1;1.5,201.339
183000,1.5;2,106.229
183000,2;2.5,122.45
183000,2.5;3,97.5917
183000,3;3.5,93.0267
183000,3.5;4,81.1521
183000,4;4.5,72.1522
183000,4.5;5,64.3644
183000,5;5.5,56.413
183000,5.5;6,49.5746
183000,6;6.5,41.7156
183000,6.5;7,35.6274
183000,7;7.5,29.2835
183000,7.5;8,23.517
183000,8;8.5,18.437
183000,8.5;9,13.3877
183000,9;9.5,9.28523
183000,9.5;10,5.70949
183000,10;10.5,3.61222
183000,10.5;11,2.06408
183000,11;11.5,1.1429
183000,11.5;12,0.565927
183000,12;12.5,0.250265
183000,12.5;13,0.09006
183000,13;13.5,0.0371639
183000,13.5;14,0.0092589
183000,14;14.5,0.00156739
183000,14.5;15,0
183000,15;15.5,0
183000,15.5;16,0
184000,0;0.5,0
184000,0.5;1,3.54688
184000,1;1.5,203.35
184000,1.5;2,104.887
184000,2;2.5,122.826
184000,2.5;3,98.2843
184000,3;3.5,93.7034
184000,3.5;4,80.2932
184000,4;4.5,72.2138
184000,4.5;5,63.7231
184000,5;5.5,56.286
184000,5.5;6,49.132
184000,6;6.5,42.2368
184000,6.5;7,35.6204
184000,7;7.5,29.2926
184000,7.5;8,23.6362
184000,8;8.5,18.416
184000,8.5;9,13.1778
184000,9;9.5,9.24617
184000,9.5;10,5.74129
184000,10;10.5,3.57133
184000,10.5;11,2.1825
184000,11;11.5,1.13661
184000,11.5;12,0.608573
184000,12;12.5,0.255567
184000,12.5;13,0.111596
184000,13;13.5,0.0389767
184000,13.5;14,0.0143092
184000,14;14.5,0.00391846
184000,14.5;15,0
184000,15;15.5,0
184000,15.5;16,0
185000,0;0.5,0
185000,0.5;1,3.81972
185000,1;1.5,204.053
185000,1.5;2,106.229
185000,2;2.5,123.796
185000,2.5;3,97.2139
185000,3;3.5,92.365
185000,3.5;4,79.9994
185000,4;4.5,72.1434
185000,4.5;5,62.673
185000,5;5.5,56.263
185000,5.5;6,48.6701
185000,6;6.5,42.2979
185000,6.5;7,35.411
185000,7;7.5,29.4439
185000,7.5;8,23.6521
185000,8;8.5,18.5586
185000,8.5;9,13.369
185000,9;9.5,9.2127
185000,9.5;10,5.83001
185000,10;10.5,3.73339
185000,10.5;11,2.16322
185000,11;11.5,1.21205
185000,11.5;12,0.612031
185000,12;12.5,0.26193
185000,12.5;13,0.108659
185000,13;13.5,0.0398832
185000,13.5;14,0.0126258
185000,14;14.5,0.00470216
185000,14.5;15,0
185000,15;15.5,0
185000,15.5;16,0
186000,0;0.5,0
186000,0.5;1,5.1839
186000,1;1.5,210.688
186000,1.5;2,106.229
186000,2;2.5,125.894
186000,2.5;3,98.1794
186000,3;3.5,92.6507
186000,3.5;4,79.6716
186000,4;4.5,71.7825
186000,4.5;5,62.5461
186000,5;5.5,55.4205
186000,5.5;6,48.4633
186000,6;6.5,42.0983
186000,6.5;7,35.2783
186000,7;7.5,29.4591
186000,7.5;8,23.3289
186000,8;8.5,18.6474
186000,8.5;9,13.4999
186000,9;9.5,9.1253
186000,9.5;10,5.98233
186000,10;10.5,3.71067
186000,10.5;11,2.26787
186000,11;11.5,1.20828
186000,11.5;12,0.638541
186000,12;12.5,0.297985
186000,12.5;13,0.115512
186000,13;13.5,0.0480411
186000,13.5;14,0.0117841
186000,14;14.5,0.00626954
186000,14.5;15,0.000731467
186000,15;15.5,0
186000,15.5;16,0
187000,0;0.5,0
187000,0.5;1,6.27525
187000,1;1.5,220.84
187000,1.5;2,117.585
187000,2;2.5,126.145
187000,2.5;3,103.804
187000,3;3.5,92.6958
187000,3.5;4,82.576
187000,4;4.5,70.7176
187000,4.5;5,64.1811
187000,5;5.5,54.8839
187000,5.5;6,48.9347
187000,6;6.5,41.2513
187000,6.5;7,35.8963
187000,7;7.5,28.7962
187000,7.5;8,23.2521
187000,8;8.5,18.2524
187000,8.5;9,13.0801
187000,9;9.5,8.84077
187000,9.5;10,5.80825
187000,10;10.5,3.72733
187000,10.5;11,2.14532
187000,11;11.5,1.21708
187000,11.5;12,0.632778
187000,12;12.5,0.278897
187000,12.5;13,0.139985
187000,13;13.5,0.0435089
187000,13.5;14,0.0168344
187000,14;14.5,0.00470216
187000,14.5;15,0.000731467
187000,15;15.5,0
187000,15.5;16,0
188000,0;0.5,0
188000,0.5;1,3.81972
188000,1;1.5,224.861
188000,1.5;2,120.682
188000,2;2.5,128.242
188000,2.5;3,104.832
188000,3;3.5,95.5381
188000,3.5;4,81.9318
188000,4;4.5,72.9003
188000,4.5;5,63.2086
188000,5;5.5,55.8994
188000,5.5;6,48.343
188000,6;6.5,41.74
188000,6.5;7,35.3167
188000,7;7.5,28.8265
188000,7.5;8,23.268
188000,8;8.5,17.8643
188000,8.5;9,12.8869
188000,9;9.5,8.90772
188000,9.5;10,5.64756
188000,10;10.5,3.62283
188000,10.5;11,2.10952
188000,11;11.5,1.18313
188000,11.5;12,0.609726
188000,12;12.5,0.271474
188000,12.5;13,0.129217
188000,13;13.5,0.0525733
188000,13.5;14,0.0134675
188000,14;14.5,0.00548585
188000,14.5;15,0.000731467
188000,15;15.5,0
188000,15.5;16,0
189000,0;0.5,0
189000,0.5;1,5.1839
189000,1;1.5,231.395
189000,1.5;2,123.212
189000,2;2.5,130.591
189000,2.5;3,109.576
189000,3;3.5,93.7485
189000,3.5;4,84.9379
189000,4;4.5,71.4217
189000,4.5;5,64.5124
189000,5;5.5,55.1667
189000,5.5;6,47.6551
189000,6;6.5,41.4224
189000,6.5;7,34.5381
189000,7;7.5,29.0686
189000,7.5;8,22.7355
189000,8;8.5,17.9531
189000,8.5;9,12.9368
189000,9;9.5,8.90214
189000,9.5;10,5.68438
189000,10;10.5,3.56679
189000,10.5;11,2.12054
189000,11;11.5,1.2284
189000,11.5;12,0.607421
189000,12;12.5,0.290562
189000,12.5;13,0.136069
189000,13;13.5,0.0471346
189000,13.5;14,0.0143092
189000,14;14.5,0.00548585
189000,14.5;15,0.00146293
189000,15;15.5,0.000684292
189000,15.5;16,0
190000,0;0.5,0
190000,0.5;1,3.54688
190000,1;1.5,231.193
190000,1.5;2,121.353
190000,2;2.5,132.25
190000,2.5;3,103.573
190000,3;3.5,95.0268
190000,3.5;4,81.3894
190000,4;4.5,70.2159
190000,4.5;5,61.8132
190000,5;5.5,54.2088
190000,5.5;6,46.8613
190000,6;6.5,41.0029
190000,6.5;7,34.6812
190000,7;7.5,28.7901
190000,7.5;8,23.5276
190000,8;8.5,18.1355
190000,8.5;9,13.6246
190000,9;9.5,9.17551
190000,9.5;10,6.03924
190000,10;10.5,3.71976
190000,10.5;11,2.31469
190000,11;11.5,1.35538
190000,11.5;12,0.68695
190000,12;12.5,0.31071
190000,12.5;13,0.142921
190000,13;13.5,0.0507604
190000,13.5;14,0.0202012
190000,14;14.5,0.00391846
190000,14.5;15,0
190000,15;15.5,0
190000,15.5;16,0
191000,0;0.5,0
191000,0.5;1,4.91107
191000,1;1.5,236.219
191000,1.5;2,126.773
191000,2;2.5,132.125
191000,2.5;3,107.414
191000,3;3.5,93.6733
191000,3.5;4,82.2935
191000,4;4.5,70.7792
191000,4.5;5,62.0528
191000,5;5.5,53.6088
191000,5.5;6,46.8228
191000,6;6.5,40.1803
191000,6.5;7,35.0024
191000,7;7.5,28.5904
191000,7.5;8,23.419
191000,8;8.5,18.3202
191000,8.5;9,13.2838
191000,9;9.5,9.33358
191000,9.5;10,5.89529
191000,10;10.5,3.75762
191000,10.5;11,2.34085
191000,11;11.5,1.30258
191000,11.5;12,0.670814
191000,12;12.5,0.321314
191000,12.5;13,0.131174
191000,13;13.5,0.0534797
191000,13.5;14,0.0168344
191000,14;14.5,0.00548585
191000,14.5;15,0.000731467
191000,15;15.5,0
191000,15.5;16,0
192000,0;0.5,0
192000,0.5;1,4.63823
192000,1;1.5,236.219
192000,1.5;2,126.928
192000,2;2.5,132.626
192000,2.5;3,107.183
192000,3;3.5,93.5831
192000,3.5;4,83.853
192000,4;4.5,69.459
192000,4.5;5,62.6448
192000,5;5.5,52.8875
192000,5.5;6,46.7362
192000,6;6.5,40.1722
192000,6.5;7,34.0178
192000,7;7.5,28.7266
192000,7.5;8,22.9316
192000,8;8.5,18.5142
192000,8.5;9,13.3275
192000,9;9.5,9.43214
192000,9.5;10,6.00241
192000,10;10.5,3.89999
192000,10.5;11,2.36564
192000,11;11.5,1.41574
192000,11.5;12,0.68695
192000,12;12.5,0.35843
192000,12.5;13,0.1439
192000,13;13.5,0.0589183
192000,13.5;14,0.0202012
192000,14;14.5,0.00391846
192000,14.5;15,0.000731467
192000,15;15.5,0
192000,15.5;16,0
193000,0;0.5,0
193000,0.5;1,3.27404
193000,1;1.5,239.738
193000,1.5;2,131.367
193000,2;2.5,130.778
193000,2.5;3,110.268
193000,3;3.5,92.9966
193000,3.5;4,84.678
193000,4;4.5,69.107
193000,4.5;5,63.3284
193000,5;5.5,52.7202
193000,5.5;6,47.2365
193000,6;6.5,39.4229
193000,6.5;7,34.4263
193000,7;7.5,28.551
193000,7.5;8,23.0905
193000,8;8.5,18.2641
193000,8.5;9,13.5145
193000,9;9.5,9.30754
193000,9.5;10,6.00409
193000,10;10.5,3.8697
193000,10.5;11,2.27613
193000,11;11.5,1.3491
193000,11.5;12,0.656982
193000,12;12.5,0.33404
193000,12.5;13,0.120406
193000,13;13.5,0.0498539
193000,13.5;14,0.0159927
193000,14;14.5,0.00705324
193000,14.5;15,0.000731467
193000,15;15.5,0
193000,15.5;16,0
194000,0;0.5,0
194000,0.5;1,2.72837
194000,1;1.5,237.928
194000,1.5;2,134.619
194000,2;2.5,128.117
194000,2.5;3,114.529
194000,3;3.5,91.1619
194000,3.5;4,86.3392
194000,4;4.5,68.2621
194000,4.5;5,64.6322
194000,5;5.5,51.6181
194000,5.5;6,47.0104
194000,6;6.5,39.3455
194000,6.5;7,33.9131
194000,7;7.5,28.3967
194000,7.5;8,23.2494
194000,8;8.5,18.2477
194000,8.5;9,13.4418
194000,9;9.5,9.23874
194000,9.5;10,6.04091
194000,10;10.5,3.90302
194000,10.5;11,2.35187
194000,11;11.5,1.3931
194000,11.5;12,0.69156
194000,12;12.5,0.354188
194000,12.5;13,0.122364
194000,13;13.5,0.0607312
194000,13.5;14,0.0159927
194000,14;14.5,0.00862062
194000,14.5;15,0.000731467
194000,15;15.5,0
194000,15.5;16,0
195000,0;0.5,0
195000,0.5;1,2.1827
195000,1;1.5,242.854
195000,1.5;2,134.155
195000,2;2.5,129.714
195000,2.5;3,113.773
195000,3;3.5,91.3574
195000,3.5;4,85.1865
195000,4;4.5,68.5525
195000,4.5;5,63.0042
195000,5;5.5,52.3798
195000,5.5;6,46.4283
195000,6;6.5,39.6591
195000,6.5;7,33.9794
195000,7;7.5,28.206
195000,7.5;8,23.2627
195000,8;8.5,18.0724
195000,8.5;9,13.608
195000,9;9.5,9.44516
195000,9.5;10,6.13465
195000,10;10.5,3.89545
195000,10.5;11,2.41934
195000,11;11.5,1.34533
195000,11.5;12,0.706544
195000,12;12.5,0.348886
195000,12.5;13,0.122364
195000,13;13.5,0.0616376
195000,13.5;14,0.0151509
195000,14;14.5,0.00705324
195000,14.5;15,0.00146293
195000,15;15.5,0
195000,15.5;16,0
196000,0;0.5,0
196000,0.5;1,1.36419
196000,1;1.5,246.271
196000,1.5;2,138.491
196000,2;2.5,131.311
196000,2.5;3,114.424
196000,3;3.5,91.8387
196000,3.5;4,86.746
196000,4;4.5,68.6141
196000,4.5;5,62.8492
196000,5;5.5,52.2182
196000,5.5;6,46.7026
196000,6;6.5,39.3496
196000,6.5;7,34.36
196000,7;7.5,28.3664
196000,7.5;8,23.3024
196000,8;8.5,18.049
196000,8.5;9,13.5332
196000,9;9.5,9.09554
196000,9.5;10,5.97229
196000,10;10.5,3.83941
196000,10.5;11,2.29954
196000,11;11.5,1.2988
196000,11.5;12,0.726138
196000,12;12.5,0.327677
196000,12.5;13,0.139006
196000,13;13.5,0.0616376
196000,13.5;14,0.0151509
196000,14;14.5,0.00548585
196000,14.5;15,0
196000,15;15.5,0
196000,15.5;16,0
197000,0;0.5,0
197000,0.5;1,0.818511
197000,1;1.5,248.081
197000,1.5;2,141.897
197000,2;2.5,129.495
197000,2.5;3,118.831
197000,3;3.5,89.5077
197000,3.5;4,88.3056
197000,4;4.5,67.0211
197000,4.5;5,63.8499
197000,5;5.5,51.7335
197000,5.5;6,46.7074
197000,6;6.5,39.2356
197000,6.5;7,33.8468
197000,7;7.5,28.4633
197000,7.5;8,22.9316
197000,8;8.5,18.3295
197000,8.5;9,13.3046
197000,9;9.5,9.34474
197000,9.5;10,5.90533
197000,10;10.5,3.83184
197000,10.5;11,2.3739
197000,11;11.5,1.32772
197000,11.5;12,0.727291
197000,12;12.5,0.3351
197000,12.5;13,0.133132
197000,13;13.5,0.0716084
197000,13.5;14,0.0117841
197000,14;14.5,0.00783693
197000,14.5;15,0
197000,15;15.5,0
197000,15.5;16,0
198000,0;0.5,0
198000,0.5;1,0.545674
198000,1;1.5,247.578
198000,1.5;2,143.962
198000,2;2.5,128.9
198000,2.5;3,119.65
198000,3;3.5,89.9589
198000,3.5;4,87.6162
198000,4;4.5,67.646
198000,4.5;5,63.5257
198000,5;5.5,51.52
198000,5.5;6,46.1734
198000,6;6.5,39.1297
198000,6.5;7,33.5919
198000,7;7.5,28.1878
198000,7.5;8,22.9607
198000,8;8.5,18.4277
198000,8.5;9,13.4106
198000,9;9.5,9.42284
198000,9.5;10,6.00911
198000,10;10.5,3.85001
198000,10.5;11,2.38905
198000,11;11.5,1.37173
198000,11.5;12,0.745733
198000,12;12.5,0.327677
198000,12.5;13,0.147816
198000,13;13.5,0.0652633
198000,13.5;14,0.0168344
198000,14;14.5,0.00862062
198000,14.5;15,0
198000,15;15.5,0
198000,15.5;16,0
199000,0;0.5,0
199000,0.5;1,0
199000,1;1.5,247.075
199000,1.5;2,149.175
199000,2;2.5,127.334
199000,2.5;3,121.832
199000,3;3.5,90.2747
199000,3.5;4,88.5655
199000,4;4.5,68.1477
199000,4.5;5,63.7372
199000,5;5.5,51.5489
199000,5.5;6,46.7555
199000,6;6.5,39.0971
199000,6.5;7,33.728
199000,7;7.5,28.3815
199000,7.5;8,22.8309
199000,8;8.5,18.3809
199000,8.5;9,13.2422
199000,9;9.5,9.28709
199000,9.5;10,5.84005
199000,10;10.5,3.81063
199000,10.5;11,2.27889
199000,11;11.5,1.31892
199000,11.5;12,0.706544
199000,12;12.5,0.302226
199000,12.5;13,0.137048
199000,13;13.5,0.0471346
199000,13.5;14,0.0193595
199000,14;14.5,0.00626954
199000,14.5;15,0
199000,15;15.5,0
199000,15.5;16,0
200000,0;0.5,0
200000,0.5;1,0.272837
200000,1;1.5,247.377
200000,1.5;2,150.414
200000,2;2.5,127.554
200000,2.5;3,123.112
200000,3;3.5,89.3423
200000,3.5;4,89.5939
200000,4;4.5,67.4172
200000,4.5;5,64.0895
200000,5;5.5,51.5374
200000,5.5;6,46.6929
200000,6;6.5,39.2967
200000,6.5;7,33.6024
200000,7;7.5,28.3906
200000,7.5;8,22.6004
200000,8;8.5,18.3786
200000,8.5;9,13.0136
200000,9;9.5,9.28151
200000,9.5;10,5.89027
200000,10;10.5,3.83486
200000,10.5;11,2.29679
200000,11;11.5,1.32898
200000,11.5;12,0.736512
200000,12;12.5,0.307529
200000,12.5;13,0.1439
200000,13;13.5,0.0516668
200000,13.5;14,0.0193595
200000,14;14.5,0.00313477
200000,14.5;15,0.00146293
200000,15;15.5,0
200000,15.5;16,0
201000,0;0.5,0
201000,0.5;1,0
201000,1;1.5,249.387
201000,1.5;2,150.776
201000,2;2.5,127.115
201000,2.5;3,123.322
201000,3;3.5,88.4099
201000,3.5;4,89.2661
201000,4;4.5,67.2499
201000,4.5;5,63.5539
201000,5;5.5,51.5027
201000,5.5;6,46.005
201000,6;6.5,39.0116
201000,6.5;7,33.6268
201000,7;7.5,28.206
201000,7.5;8,22.8018
201000,8;8.5,18.2664
201000,8.5;9,13.3586
201000,9;9.5,9.3094
201000,9.5;10,5.98233
201000,10;10.5,3.89545
201000,10.5;11,2.36151
201000,11;11.5,1.40316
201000,11.5;12,0.722681
201000,12;12.5,0.337221
201000,12.5;13,0.148795
201000,13;13.5,0.0534797
201000,13.5;14,0.021043
201000,14;14.5,0.00470216
201000,14.5;15,0.00146293
201000,15;15.5,0
201000,15.5;16,0
202000,0;0.5,0
202000,0.5;1,0
202000,1;1.5,248.181
202000,1.5;2,154.079
202000,2;2.5,125.299
202000,2.5;3,124.812
202000,3;3.5,87.9889
202000,3.5;4,89.786
202000,4;4.5,66.5194
202000,4.5;5,63.6949
202000,5;5.5,51.3296
202000,5.5;6,46.2407
202000,6;6.5,39.0727
202000,6.5;7,33.4452
202000,7;7.5,28.4572
202000,7.5;8,22.6826
202000,8;8.5,18.5165
202000,8.5;9,13.1176
202000,9;9.5,9.36519
202000,9.5;10,5.92877
202000,10;10.5,3.89242
202000,10.5;11,2.35738
202000,11;11.5,1.37927
202000,11.5;12,0.727291
202000,12;12.5,0.33404
202000,12.5;13,0.141942
202000,13;13.5,0.0589183
202000,13.5;14,0.0176761
202000,14;14.5,0.00470216
202000,14.5;15,0.000731467
202000,15;15.5,0
202000,15.5;16,0
203000,0;0.5,0
203000,0.5;1,0
203000,1;1.5,247.779
203000,1.5;2,156.66
203000,2;2.5,124.61
203000,2.5;3,125.022
203000,3;3.5,88.8009
203000,3.5;4,90.0346
203000,4;4.5,67.5844
203000,4.5;5,64.2093
203000,5;5.5,51.5258
203000,5.5;6,46.4957
203000,6;6.5,39.1094
203000,6.5;7,33.3335
203000,7;7.5,28.3997
203000,7.5;8,22.3832
203000,8;8.5,18.395
203000,8.5;9,13.0968
203000,9;9.5,9.2313
203000,9.5;10,5.93546
203000,10;10.5,3.81366
203000,10.5;11,2.34361
203000,11;11.5,1.37927
203000,11.5;12,0.710002
203000,12;12.5,0.30965
203000,12.5;13,0.139985
203000,13;13.5,0.0525733
203000,13.5;14,0.021043
203000,14;14.5,0.00391846
203000,14.5;15,0.000731467
203000,15;15.5,0
203000,15.5;16,0
204000,0;0.5,0
204000,0.5;1,0
204000,1;1.5,248.784
204000,1.5;2,156.402
204000,2;2.5,125.049
204000,2.5;3,125.127
204000,3;3.5,88.034
204000,3.5;4,90.0346
204000,4;4.5,66.8099
204000,4.5;5,64.0825
204000,5;5.5,50.9488
204000,5.5;6,46.717
204000,6;6.5,39.0483
204000,6.5;7,33.5779
204000,7;7.5,28.5056
204000,7.5;8,22.6269
204000,8;8.5,18.2383
204000,8.5;9,13.4438
204000,9;9.5,9.13088
204000,9.5;10,5.92709
204000,10;10.5,3.79397
204000,10.5;11,2.33397
204000,11;11.5,1.35161
204000,11.5;12,0.693866
204000,12;12.5,0.329798
204000,12.5;13,0.139006
204000,13;13.5,0.0534797
204000,13.5;14,0.0185178
204000,14;14.5,0.00705324
204000,14.5;15,0.000731467
204000,15;15.5,0
204000,15.5;16,0
205000,0;0.5,0
205000,0.5;1,0
205000,1;1.5,250.996
205000,1.5;2,155.318
205000,2;2.5,123.859
205000,2.5;3,123.553
205000,3;3.5,87.5076
205000,3.5;4,89.334
205000,4;4.5,66.361
205000,4.5;5,63.4693
205000,5;5.5,51.3412
205000,5.5;6,46.082
205000,6;6.5,38.6696
205000,6.5;7,33.6966
205000,7;7.5,28.2211
205000,7.5;8,23.0375
205000,8;8.5,18.3739
205000,8.5;9,13.4272
205000,9;9.5,9.3187
205000,9.5;10,6.03422
205000,10;10.5,3.90756
205000,10.5;11,2.42485
205000,11;11.5,1.37802
205000,11.5;12,0.706544
205000,12;12.5,0.352067
205000,12.5;13,0.138027
205000,13;13.5,0.0580119
205000,13.5;14,0.0168344
205000,14;14.5,0.00626954
205000,14.5;15,0
205000,15;15.5,0
205000,15.5;16,0
206000,0;0.5,0
206000,0.5;1,0
206000,1;1.5,248.081
206000,1.5;2,158.931
206000,2;2.5,123.859
206000,2.5;3,125.022
206000,3;3.5,87.6731
206000,3.5;4,89.3679
206000,4;4.5,66.5546
206000,4.5;5,63.1874
206000,5;5.5,51.5431
206000,5.5;6,46.1445
206000,6;6.5,38.8691
206000,6.5;7,33.522
206000,7;7.5,28.2695
206000,7.5;8,23.0004
206000,8;8.5,18.2594
206000,8.5;9,13.4896
206000,9;9.5,9.22572
206000,9.5;10,6.00744
206000,10;10.5,3.85304
206000,10.5;11,2.41383
206000,11;11.5,1.36167
206000,11.5;12,0.688103
206000,12;12.5,0.345705
206000,12.5;13,0.138027
206000,13;13.5,0.062544
206000,13.5;14,0.0168344
206000,14;14.5,0.00862062
206000,14.5;15,0
206000,15;15.5,0
206000,15.5;16,0
207000,0;0.5,0
207000,0.5;1,0
207000,1;1.5,251.197
207000,1.5;2,155.266
207000,2;2.5,124.83
207000,2.5;3,123.679
207000,3;3.5,87.7934
207000,3.5;4,89.3227
207000,4;4.5,66.3874
207000,4.5;5,62.9619
207000,5;5.5,51.3123
207000,5.5;6,46.1205
207000,6;6.5,38.9098
207000,6.5;7,33.5954
207000,7;7.5,28.3059
207000,7.5;8,23.207
207000,8;8.5,18.2126
207000,8.5;9,13.5166
207000,9;9.5,9.2127
207000,9.5;10,6.0928
207000,10;10.5,3.85304
207000,10.5;11,2.42209
207000,11;11.5,1.36293
207000,11.5;12,0.699629
207000,12;12.5,0.340402
207000,12.5;13,0.140963
207000,13;13.5,0.0543861
207000,13.5;14,0.0185178
207000,14;14.5,0.00705324
207000,14.5;15,0.000731467
207000,15;15.5,0
207000,15.5;16,0
208000,0;0.5,0
208000,0.5;1,0
208000,1;1.5,249.488
208000,1.5;2,159.293
208000,2;2.5,121.73
208000,2.5;3,125.169
208000,3;3.5,87.0565
208000,3.5;4,89.2435
208000,4;4.5,66.493
208000,4.5;5,62.976
208000,5;5.5,51.1161
208000,5.5;6,46.207
208000,6;6.5,38.7469
208000,6.5;7,33.8049
208000,7;7.5,28.1001
208000,7.5;8,23.0931
208000,8;8.5,18.2524
208000,8.5;9,13.5664
208000,9;9.5,9.24803
208000,9.5;10,6.08778
208000,10;10.5,3.85304
208000,10.5;11,2.45101
208000,11;11.5,1.38556
208000,11.5;12,0.712307
208000,12;12.5,0.338282
208000,12.5;13,0.146837
208000,13;13.5,0.0634505
208000,13.5;14,0.0143092
208000,14;14.5,0.00705324
208000,14.5;15,0.000731467
208000,15;15.5,0
208000,15.5;16,0
209000,0;0.5,0
209000,0.5;1,0
209000,1;1.5,250.996
209000,1.5;2,158.776
209000,2;2.5,123.076
209000,2.5;3,126.764
209000,3;3.5,87.5828
209000,3.5;4,89.9442
209000,4;4.5,66.8451
209000,4.5;5,63.9627
209000,5;5.5,51.4162
209000,5.5;6,46.8517
209000,6;6.5,38.466
209000,6.5;7,33.8712
209000,7;7.5,28.0728
209000,7.5;8,22.9819
209000,8;8.5,18.0841
209000,8.5;9,13.3981
209000,9;9.5,9.11042
209000,9.5;10,5.94383
209000,10;10.5,3.76065
209000,10.5;11,2.40419
209000,11;11.5,1.32395
209000,11.5;12,0.704239
209000,12;12.5,0.324496
209000,12.5;13,0.137048
209000,13;13.5,0.0616376
209000,13.5;14,0.0151509
209000,14;14.5,0.00940431
209000,14.5;15,0
209000,15;15.5,0
209000,15.5;16,0
210000,0;0.5,0
210000,0.5;1,0
210000,1;1.5,248.483
210000,1.5;2,158.415
210000,2;2.5,123.953
210000,2.5;3,125.841
210000,3;3.5,86.8911
210000,3.5;4,90.0798
210000,4;4.5,66.6338
210000,4.5;5,63.1029
210000,5;5.5,51.4277
210000,5.5;6,46.2985
210000,6;6.5,38.7266
210000,6.5;7,33.8223
210000,7;7.5,28.212
210000,7.5;8,23.1064
210000,8;8.5,18.1285
210000,8.5;9,13.5935
210000,9;9.5,9.13831
210000,9.5;10,6.0225
210000,10;10.5,3.81972
210000,10.5;11,2.36839
210000,11;11.5,1.33904
210000,11.5;12,0.71346
210000,12;12.5,0.324496
210000,12.5;13,0.133132
210000,13;13.5,0.0543861
210000,13.5;14,0.0185178
210000,14;14.5,0.00705324
210000,14.5;15,0.000731467
210000,15;15.5,0
210000,15.5;16,0
211000,0;0.5,0
211000,0.5;1,0
211000,1;1.5,248.382
211000,1.5;2,159.86
211000,2;2.5,121.605
211000,2.5;3,126.282
211000,3;3.5,86.9512
211000,3.5;4,89.7521
211000,4;4.5,66.0706
211000,4.5;5,63.4623
211000,5;5.5,51.1104
211000,5.5;6,46.106
211000,6;6.5,38.8732
211000,6.5;7,33.728
211000,7;7.5,28.1424
211000,7.5;8,23.1037
211000,8;8.5,18.2851
211000,8.5;9,13.5207
211000,9;9.5,9.16993
211000,9.5;10,6.0928
211000,10;10.5,3.81517
211000,10.5;11,2.39042
211000,11;11.5,1.37676
211000,11.5;12,0.729596
211000,12;12.5,0.328738
211000,12.5;13,0.150753
211000,13;13.5,0.0589183
211000,13.5;14,0.0185178
211000,14;14.5,0.00783693
211000,14.5;15,0
211000,15;15.5,0
211000,15.5;16,0
212000,0;0.5,0
212000,0.5;1,0
212000,1;1.5,248.181
212000,1.5;2,160.377
212000,2;2.5,121.761
212000,2.5;3,126.932
212000,3;3.5,86.6354
212000,3.5;4,89.8764
212000,4;4.5,66.1586
212000,4.5;5,63.4693
212000,5;5.5,51.6412
212000,5.5;6,46.0194
212000,6;6.5,39.1745
212000,6.5;7,33.4732
212000,7;7.5,28.2393
212000,7.5;8,23.17
212000,8;8.5,18.2594
212000,8.5;9,13.5186
212000,9;9.5,9.07695
212000,9.5;10,6.08778
212000,10;10.5,3.80457
212000,10.5;11,2.37252
212000,11;11.5,1.33652
212000,11.5;12,0.695018
212000,12;12.5,0.325556
212000,12.5;13,0.133132
212000,13;13.5,0.0552926
212000,13.5;14,0.0143092
212000,14;14.5,0.00626954
212000,14.5;15,0.00146293
212000,15;15.5,0
212000,15.5;16,0
213000,0;0.5,0
213000,0.5;1,0
213000,1;1.5,248.784
213000,1.5;2,161.615
213000,2;2.5,121.699
213000,2.5;3,127.121
213000,3;3.5,86.7106
213000,3.5;4,90.1928
213000,4;4.5,66.449
213000,4.5;5,63.5328
213000,5;5.5,51.6758
213000,5.5;6,46.2985
213000,6;6.5,39.1053
213000,6.5;7,33.5639
213000,7;7.5,28.2635
213000,7.5;8,23.0402
213000,8;8.5,18.1986
213000,8.5;9,13.5311
213000,9;9.5,9.10298
213000,9.5;10,5.99405
213000,10;10.5,3.75611
213000,10.5;11,2.32433
213000,11;11.5,1.32395
213000,11.5;12,0.711155
213000,12;12.5,0.30965
213000,12.5;13,0.133132
213000,13;13.5,0.0489475
213000,13.5;14,0.0168344
213000,14;14.5,0.00705324
213000,14.5;15,0.000731467
213000,15;15.5,0
213000,15.5;16,0
214000,0;0.5,0
214000,0.5;1,0
214000,1;1.5,248.483
214000,1.5;2,161.409
214000,2;2.5,121.887
214000,2.5;3,126.722
214000,3;3.5,87.0114
214000,3.5;4,90.0685
214000,4;4.5,66.3346
214000,4.5;5,63.568
214000,5;5.5,51.3296
214000,5.5;6,46.4428
214000,6;6.5,39.1297
214000,6.5;7,33.4941
214000,7;7.5,28.2968
214000,7.5;8,23.1408
214000,8;8.5,18.2874
214000,8.5;9,13.5062
214000,9;9.5,9.17365
214000,9.5;10,5.94216
214000,10;10.5,3.73339
214000,10.5;11,2.39455
214000,11;11.5,1.28749
214000,11.5;12,0.684645
214000,12;12.5,0.30965
214000,12.5;13,0.128238
214000,13;13.5,0.0552926
214000,13.5;14,0.0126258
214000,14;14.5,0.00705324
214000,14.5;15,0.000731467
214000,15;15.5,0
214000,15.5;16,0
215000,0;0.5,0
215000,0.5;1,0
215000,1;1.5,248.081
215000,1.5;2,160.686
215000,2;2.5,121.574
215000,2.5;3,126.638
215000,3;3.5,86.6054
215000,3.5;4,90.1363
215000,4;4.5,65.9738
215000,4.5;5,63.6032
215000,5;5.5,50.7757
215000,5.5;6,46.5727
215000,6;6.5,39.0361
215000,6.5;7,33.5779
215000,7;7.5,28.1424
215000,7.5;8,23.2865
215000,8;8.5,18.2243
215000,8.5;9,13.5748
215000,9;9.5,9.2127
215000,9.5;10,6.01915
215000,10;10.5,3.797
215000,10.5;11,2.3739
215000,11;11.5,1.33024
215000,11.5;12,0.696171
215000,12;12.5,0.320254
215000,12.5;13,0.124322
215000,13;13.5,0.0552926
215000,13.5;14,0.0134675
215000,14;14.5,0.00783693
215000,14.5;15,0.00146293
215000,15;15.5,0
215000,15.5;16,0
216000,0;0.5,0
216000,0.5;1,0
216000,1;1.5,248.483
216000,1.5;2,161.202
216000,2;2.5,120.822
216000,2.5;3,127.142
216000,3;3.5,86.9512
216000,3.5;4,90.2493
216000,4;4.5,65.8681
216000,4.5;5,63.3707
216000,5;5.5,51.0642
216000,5.5;6,46.3129
216000,6;6.5,38.7266
216000,6.5;7,33.8782
216000,7;7.5,28.1697
216000,7.5;8,23.2468
216000,8;8.5,18.0326
216000,8.5;9,13.6704
216000,9;9.5,9.05649
216000,9.5;10,6.07774
216000,10;10.5,3.80912
216000,10.5;11,2.39318
216000,11;11.5,1.38053
216000,11.5;12,0.670814
216000,12;12.5,0.340402
216000,12.5;13,0.136069
216000,13;13.5,0.0652633
216000,13.5;14,0.0143092
216000,14;14.5,0.00862062
216000,14.5;15,0.000731467
216000,15;15.5,0
216000,15.5;16,0
217000,0;0.5,0
217000,0.5;1,0
217000,1;1.5,248.684
217000,1.5;2,160.996
217000,2;2.5,121.824
217000,2.5;3,128.191
217000,3;3.5,85.7031
217000,3.5;4,89.899
217000,4;4.5,66.2026
217000,4.5;5,63.6737
217000,5;5.5,50.9257
217000,5.5;6,46.3899
217000,6;6.5,39.0768
217000,6.5;7,33.5919
217000,7;7.5,28.3785
217000,7.5;8,23.0719
217000,8;8.5,18.1752
217000,8.5;9,13.5851
217000,9;9.5,9.01744
217000,9.5;10,6.07774
217000,10;10.5,3.7864
217000,10.5;11,2.36701
217000,11;11.5,1.35287
217000,11.5;12,0.695018
217000,12;12.5,0.327677
217000,12.5;13,0.139006
217000,13;13.5,0.0643569
217000,13.5;14,0.0143092
217000,14;14.5,0.00862062
217000,14.5;15,0.000731467
217000,15;15.5,0
217000,15.5;16,0
218000,0;0.5,0
218000,0.5;1,0
218000,1;1.5,248.985
218000,1.5;2,162.235
218000,2;2.5,121.041
218000,2.5;3,127.709
218000,3;3.5,86.8159
218000,3.5;4,89.8312
218000,4;4.5,66.9771
218000,4.5;5,63.3002
218000,5;5.5,51.5258
218000,5.5;6,46.2985
218000,6;6.5,39.0686
218000,6.5;7,33.6373
218000,7;7.5,28.0668
218000,7.5;8,23.1355
218000,8;8.5,18.1144
218000,8.5;9,13.4875
218000,9;9.5,9.18295
218000,9.5;10,6.04761
218000,10;10.5,3.7349
218000,10.5;11,2.31882
218000,11;11.5,1.36167
218000,11.5;12,0.700781
218000,12;12.5,0.31177
218000,12.5;13,0.124322
218000,13;13.5,0.0571054
218000,13.5;14,0.0126258
218000,14;14.5,0.00862062
218000,14.5;15,0.000731467
218000,15;15.5,0
218000,15.5;16,0
219000,0;0.5,0
219000,0.5;1,0
219000,1;1.5,248.784
219000,1.5;2,161.306
219000,2;2.5,122.137
219000,2.5;3,127.016
219000,3;3.5,87.3873
219000,3.5;4,89.8651
219000,4;4.5,67.1003
219000,4.5;5,63.2227
219000,5;5.5,51.4854
219000,5.5;6,46.3081
219000,6;6.5,39.0361
219000,6.5;7,33.6233
219000,7;7.5,28.1787
219000,7.5;8,23.2335
219000,8;8.5,18.0724
219000,8.5;9,13.5748
219000,9;9.5,9.14203
219000,9.5;10,5.95555
219000,10;10.5,3.78034
219000,10.5;11,2.30092
219000,11;11.5,1.31892
219000,11.5;12,0.690408
219000,12;12.5,0.306468
219000,12.5;13,0.127259
219000,13;13.5,0.0552926
219000,13.5;14,0.0134675
219000,14;14.5,0.00783693
219000,14.5;15,0.000731467
219000,15;15.5,0
219000,15.5;16,0
220000,0;0.5,0
220000,0.5;1,0
220000,1;1.5,248.985
220000,1.5;2,161.099
220000,2;2.5,122.106
220000,2.5;3,127.268
220000,3;3.5,87.0565
220000,3.5;4,89.9781
220000,4;4.5,66.7923
220000,4.5;5,63.4905
220000,5;5.5,51.3643
220000,5.5;6,46.3514
220000,6;6.5,38.9139
220000,6.5;7,33.6827
220000,7;7.5,28.2635
220000,7.5;8,23.1037
220000,8;8.5,18.0817
220000,8.5;9,13.5789
220000,9;9.5,9.13088
220000,9.5;10,6.01915
220000,10;10.5,3.76217
220000,10.5;11,2.31607
220000,11;11.5,1.33778
220000,11.5;12,0.688103
220000,12;12.5,0.31071
220000,12.5;13,0.121385
220000,13;13.5,0.0552926
220000,13.5;14,0.0109423
220000,14;14.5,0.00862062
220000,14.5;15,0.000731467
220000,15;15.5,0
220000,15.5;16,0
221000,0;0.5,0
221000,0.5;1,0
221000,1;1.5,249.689
221000,1.5;2,160.738
221000,2;2.5,122.043
221000,2.5;3,127.373
221000,3;3.5,87.252
221000,3.5;4,90.464
221000,4;4.5,66.8187
221000,4.5;5,63.7865
221000,5;5.5,51.3066
221000,5.5;6,46.438
221000,6;6.5,39.0849
221000,6.5;7,33.557
221000,7;7.5,28.1545
221000,7.5;8,23.0746
221000,8;8.5,18.0911
221000,8.5;9,13.5436
221000,9;9.5,9.0974
221000,9.5;10,6.00241
221000,10;10.5,3.72733
221000,10.5;11,2.30918
221000,11;11.5,1.34658
221000,11.5;12,0.671966
221000,12;12.5,0.324496
221000,12.5;13,0.112575
221000,13;13.5,0.0571054
221000,13.5;14,0.0109423
221000,14;14.5,0.00705324
221000,14.5;15,0.00146293
221000,15;15.5,0
221000,15.5;16,0
222000,0;0.5,0
222000,0.5;1,0
222000,1;1.5,249.387
222000,1.5;2,160.738
222000,2;2.5,121.542
222000,2.5;3,127.625
222000,3;3.5,86.47
222000,3.5;4,90.724
222000,4;4.5,66.2642
222000,4.5;5,63.5328
222000,5;5.5,51.1738
222000,5.5;6,46.4716
222000,6;6.5,39.0035
222000,6.5;7,33.5046
222000,7;7.5,28.2756
222000,7.5;8,23.0719
222000,8;8.5,18.1121
222000,8.5;9,13.6205
222000,9;9.5,8.99512
222000,9.5;10,6.03254
222000,10;10.5,3.80457
222000,10.5;11,2.3381
222000,11;11.5,1.36796
222000,11.5;12,0.683492
222000,12;12.5,0.330858
222000,12.5;13,0.137048
222000,13;13.5,0.0634505
222000,13.5;14,0.0117841
222000,14;14.5,0.00862062
222000,14.5;15,0
222000,15;15.5,0
222000,15.5;16,0
223000,0;0.5,0
223000,0.5;1,0
223000,1;1.5,249.287
223000,1.5;2,160.015
223000,2;2.5,122.419
223000,2.5;3,127.184
223000,3;3.5,86.8911
223000,3.5;4,89.9894
223000,4;4.5,66.6514
223000,4.5;5,63.5469
223000,5;5.5,51.4623
223000,5.5;6,46.1493
223000,6;6.5,39.0483
223000,6.5;7,33.6861
223000,7;7.5,28.097
223000,7.5;8,23.313
223000,8;8.5,18.0396
223000,8.5;9,13.6704
223000,9;9.5,9.11042
223000,9.5;10,5.99739
223000,10;10.5,3.80912
223000,10.5;11,2.29403
223000,11;11.5,1.34533
223000,11.5;12,0.666203
223000,12;12.5,0.30965
223000,12.5;13,0.115512
223000,13;13.5,0.0543861
223000,13.5;14,0.0117841
223000,14;14.5,0.00783693
223000,14.5;15,0.00146293
223000,15;15.5,0
223000,15.5;16,0
224000,0;0.5,0
224000,0.5;1,0
224000,1;1.5,248.282
224000,1.5;2,161.357
224000,2;2.5,121.605
224000,2.5;3,127.94
224000,3;3.5,86.3948
224000,3.5;4,90.238
224000,4;4.5,66.8803
224000,4.5;5,63.716
224000,5;5.5,51.2604
224000,5.5;6,46.4139
224000,6;6.5,39.0198
224000,6.5;7,33.7699
224000,7;7.5,27.9669
224000,7.5;8,23.313
224000,8;8.5,18.0022
224000,8.5;9,13.5186
224000,9;9.5,9.10298
224000,9.5;10,5.98233
224000,10;10.5,3.79549
224000,10.5;11,2.31331
224000,11;11.5,1.33652
224000,11.5;12,0.677729
224000,12;12.5,0.326617
224000,12.5;13,0.128238
224000,13;13.5,0.0598247
224000,13.5;14,0.0117841
224000,14;14.5,0.00862062
224000,14.5;15,0.000731467
224000,15;15.5,0
224000,15.5;16,0
225000,0;0.5,0
225000,0.5;1,0
225000,1;1.5,248.081
225000,1.5;2,161.512
225000,2;2.5,120.791
225000,2.5;3,127.94
225000,3;3.5,87.0565
225000,3.5;4,89.8312
225000,4;4.5,67.1179
225000,4.5;5,63.3636
225000,5;5.5,51.6528
225000,5.5;6,46.3418
225000,6;6.5,39.1338
225000,6.5;7,33.6338
225000,7;7.5,28.0335
225000,7.5;8,23.1832
225000,8;8.5,18.1331
225000,8.5;9,13.5872
225000,9;9.5,9.04719
225000,9.5;10,6.01413
225000,10;10.5,3.74853
225000,10.5;11,2.36151
225000,11;11.5,1.2988
225000,11.5;12,0.681187
225000,12;12.5,0.299045
225000,12.5;13,0.129217
225000,13;13.5,0.0552926
225000,13.5;14,0.0126258
225000,14;14.5,0.00783693
225000,14.5;15,0.000731467
225000,15;15.5,0
225000,15.5;16,0
226000,0;0.5,0
226000,0.5;1,0
226000,1;1.5,248.784
226000,1.5;2,160.841
226000,2;2.5,121.949
226000,2.5;3,127.121
226000,3;3.5,87.0565
226000,3.5;4,90.2041
226000,4;4.5,67.0563
226000,4.5;5,62.8985
226000,5;5.5,51.8316
226000,5.5;6,46.3129
226000,6;6.5,38.9424
226000,6.5;7,33.6408
226000,7;7.5,28.1727
226000,7.5;8,23.1647
226000,8;8.5,18.1144
226000,8.5;9,13.5477
226000,9;9.5,9.12716
226000,9.5;10,5.99405
226000,10;10.5,3.797
226000,10.5;11,2.31056
226000,11;11.5,1.33652
226000,11.5;12,0.680034
226000,12;12.5,0.307529
226000,12.5;13,0.123343
226000,13;13.5,0.0552926
226000,13.5;14,0.0117841
226000,14;14.5,0.00783693
226000,14.5;15,0.000731467
226000,15;15.5,0
226000,15.5;16,0
227000,0;0.5,0
227000,0.5;1,0
227000,1;1.5,248.583
227000,1.5;2,161.202
227000,2;2.5,121.667
227000,2.5;3,127.394
227000,3;3.5,86.9362
227000,3.5;4,90.1363
227000,4;4.5,67.2763
227000,4.5;5,63.3354
227000,5;5.5,51.6008
227000,5.5;6,46.4187
227000,6;6.5,38.9953
227000,6.5;7,33.728
227000,7;7.5,28.0456
227000,7.5;8,23.2918
227000,8;8.5,17.8783
227000,8.5;9,13.6329
227000,9;9.5,9.09182
227000,9.5;10,5.98233
227000,10;10.5,3.78185
227000,10.5;11,2.30643
227000,11;11.5,1.32772
227000,11.5;12,0.669661
227000,12;12.5,0.312831
227000,12.5;13,0.123343
227000,13;13.5,0.0571054
227000,13.5;14,0.0109423
227000,14;14.5,0.00862062
227000,14.5;15,0.000731467
227000,15;15.5,0
227000,15.5;16,0
228000,0;0.5,0
228000,0.5;1,0
228000,1;1.5,248.985
228000,1.5;2,161.873
228000,2;2.5,121.574
228000,2.5;3,128.317
228000,3;3.5,86.455
228000,3.5;4,90.0911
228000,4;4.5,67.0211
228000,4.5;5,63.5821
228000,5;5.5,51.5258
228000,5.5;6,46.4332
228000,6;6.5,39.1867
228000,6.5;7,33.5709
228000,7;7.5,28.0547
228000,7.5;8,23.2362
228000,8;8.5,17.9976
228000,8.5;9,13.5935
228000,9;9.5,9.07695
228000,9.5;10,6.00409
228000,10;10.5,3.73642
228000,10.5;11,2.3023
228000,11;11.5,1.31892
228000,11.5;12,0.666203
228000,12;12.5,0.316012
228000,12.5;13,0.122364
228000,13;13.5,0.0571054
228000,13.5;14,0.0126258
228000,14;14.5,0.00783693
228000,14.5;15,0.00146293
228000,15;15.5,0
228000,15.5;16,0
229000,0;0.5,0
229000,0.5;1,0
229000,1;1.5,250.393
229000,1.5;2,161.048
229000,2;2.5,121.761
229000,2.5;3,127.982
229000,3;3.5,86.7407
229000,3.5;4,90.3849
229000,4;4.5,67.0299
229000,4.5;5,63.4412
229000,5;5.5,51.7335
229000,5.5;6,46.3947
229000,6;6.5,39.2071
229000,6.5;7,33.4976
229000,7;7.5,28.1243
229000,7.5;8,23.1514
229000,8;8.5,18.049
229000,8.5;9,13.581
229000,9;9.5,9.06021
229000,9.5;10,5.9455
229000,10;10.5,3.74399
229000,10.5;11,2.31882
229000,11;11.5,1.31515
229000,11.5;12,0.678882
229000,12;12.5,0.301166
229000,12.5;13,0.123343
229000,13;13.5,0.056199
229000,13.5;14,0.0126258
229000,14;14.5,0.00862062
229000,14.5;15,0.000731467
229000,15;15.5,0
229000,15.5;16,0
230000,0;0.5,0
230000,0.5;1,0
230000,1;1.5,248.684
230000,1.5;2,160.893
230000,2;2.5,122.012
230000,2.5;3,127.541
230000,3;3.5,86.8309
230000,3.5;4,90.5206
230000,4;4.5,66.8715
230000,4.5;5,63.2297
230000,5;5.5,51.4912
230000,5.5;6,46.3081
230000,6;6.5,39.1867
230000,6.5;7,33.543
230000,7;7.5,28.1152
230000,7.5;8,23.1726
230000,8;8.5,18.0677
230000,8.5;9,13.5664
230000,9;9.5,9.11414
230000,9.5;10,6.00576
230000,10;10.5,3.75762
230000,10.5;11,2.34911
230000,11;11.5,1.31641
230000,11.5;12,0.673119
230000,12;12.5,0.321314
230000,12.5;13,0.120406
230000,13;13.5,0.0580119
230000,13.5;14,0.0126258
230000,14;14.5,0.00705324
230000,14.5;15,0.00146293
230000,15;15.5,0
230000,15.5;16,0
231000,0;0.5,0
231000,0.5;1,0
231000,1;1.5,248.282
231000,1.5;2,160.944
231000,2;2.5,121.793
231000,2.5;3,128.17
231000,3;3.5,86.7106
231000,3.5;4,90.3284
231000,4;4.5,67.0299
231000,4.5;5,63.3002
231000,5;5.5,51.7393
231000,5.5;6,46.2022
231000,6;6.5,39.1827
231000,6.5;7,33.6163
231000,7;7.5,27.9729
231000,7.5;8,23.2388
231000,8;8.5,18.0163
231000,8.5;9,13.6226
231000,9;9.5,9.10112
231000,9.5;10,5.98568
231000,10;10.5,3.74702
231000,10.5;11,2.32295
231000,11;11.5,1.32269
231000,11.5;12,0.680034
231000,12;12.5,0.303287
231000,12.5;13,0.127259
231000,13;13.5,0.0552926
231000,13.5;14,0.0126258
231000,14;14.5,0.00783693
231000,14.5;15,0.000731467
231000,15;15.5,0
231000,15.5;16,0
232000,0;0.5,0
232000,0.5;1,0
232000,1;1.5,249.186
232000,1.5;2,160.738
232000,2;2.5,121.354
232000,2.5;3,127.856
232000,3;3.5,86.3647
232000,3.5;4,90.3849
232000,4;4.5,67.2059
232000,4.5;5,63.2368
232000,5;5.5,51.5777
232000,5.5;6,46.3466
232000,6;6.5,38.975
232000,6.5;7,33.8817
232000,7;7.5,28.0456
232000,7.5;8,23.3156
232000,8;8.5,17.9999
232000,8.5;9,13.6454
232000,9;9.5,9.01744
232000,9.5;10,6.02418
232000,10;10.5,3.70916
232000,10.5;11,2.33672
232000,11;11.5,1.31264
232000,11.5;12,0.685797
232000,12;12.5,0.297985
232000,12.5;13,0.121385
232000,13;13.5,0.0534797
232000,13.5;14,0.0117841
232000,14;14.5,0.00862062
232000,14.5;15,0.000731467
232000,15;15.5,0
232000,15.5;16,0
233000,0;0.5,0
233000,0.5;1,0
233000,1;1.5,249.588
233000,1.5;2,159.447
233000,2;2.5,122.544
233000,2.5;3,126.701
233000,3;3.5,87.267
233000,3.5;4,90.1928
233000,4;4.5,66.9771
233000,4.5;5,63.2438
233000,5;5.5,51.497
233000,5.5;6,46.3947
233000,6;6.5,39.1094
233000,6.5;7,33.5674
233000,7;7.5,28.0849
233000,7.5;8,23.2282
233000,8;8.5,18.0911
233000,8.5;9,13.6475
233000,9;9.5,9.08996
233000,9.5;10,5.98065
233000,10;10.5,3.75156
233000,10.5;11,2.3381
233000,11;11.5,1.33527
233000,11.5;12,0.668508
233000,12;12.5,0.31177
233000,12.5;13,0.121385
233000,13;13.5,0.056199
233000,13.5;14,0.0117841
233000,14;14.5,0.00783693
233000,14.5;15,0.00146293
233000,15;15.5,0
233000,15.5;16,0
234000,0;0.5,0
234000,0.5;1,0
234000,1;1.5,249.287
234000,1.5;2,160.79
234000,2;2.5,120.759
234000,2.5;3,127.457
234000,3;3.5,86.5302
234000,3.5;4,90.1363
234000,4;4.5,66.8363
234000,4.5;5,63.1734
234000,5;5.5,51.2373
234000,5.5;6,46.462
234000,6;6.5,39.0157
234000,6.5;7,33.7455
234000,7;7.5,27.9911
234000,7.5;8,23.26
234000,8;8.5,18.0373
234000,8.5;9,13.7015
234000,9;9.5,9.13274
234000,9.5;10,5.98735
234000,10;10.5,3.80912
234000,10.5;11,2.33259
234000,11;11.5,1.35161
234000,11.5;12,0.678882
234000,12;12.5,0.321314
234000,12.5;13,0.122364
234000,13;13.5,0.0589183
234000,13.5;14,0.0126258
234000,14;14.5,0.00783693
234000,14.5;15,0.00146293
234000,15;15.5,0
234000,15.5;16,0
235000,0;0.5,0
235000,0.5;1,0
235000,1;1.5,249.086
235000,1.5;2,161.048
235000,2;2.5,121.073
235000,2.5;3,128.317
235000,3;3.5,86.3647
235000,3.5;4,90.4188
235000,4;4.5,67.0299
235000,4.5;5,63.0465
235000,5;5.5,51.6124
235000,5.5;6,46.3081
235000,6;6.5,39.1338
235000,6.5;7,33.6966
235000,7;7.5,28.091
235000,7.5;8,23.2362
235000,8;8.5,18.0513
235000,8.5;9,13.6641
235000,9;9.5,9.02859
235000,9.5;10,5.98233
235000,10;10.5,3.77125
235000,10.5;11,2.33121
235000,11;11.5,1.31264
235000,11.5;12,0.683492
235000,12;12.5,0.306468
235000,12.5;13,0.121385
235000,13;13.5,0.056199
235000,13.5;14,0.0109423
235000,14;14.5,0.00862062
235000,14.5;15,0.000731467
235000,15;15.5,0
235000,15.5;16,0
236000,0;0.5,0
236000,0.5;1,0
236000,1;1.5,249.287
236000,1.5;2,160.067
236000,2;2.5,122.419
236000,2.5;3,127.1
236000,3;3.5,87.0264
236000,3.5;4,89.9894
236000,4;4.5,67.0651
236000,4.5;5,63.2227
236000,5;5.5,51.2777
236000,5.5;6,46.438
236000,6;6.5,38.9505
236000,6.5;7,33.7176
236000,7;7.5,27.9608
236000,7.5;8,23.3633
236000,8;8.5,17.9695
236000,8.5;9,13.6974
236000,9;9.5,9.0881
236000,9.5;10,6.03422
236000,10;10.5,3.75914
236000,10.5;11,2.34361
236000,11;11.5,1.32144
236000,11.5;12,0.688103
236000,12;12.5,0.302226
236000,12.5;13,0.127259
236000,13;13.5,0.0589183
236000,13.5;14,0.0117841
236000,14;14.5,0.00783693
236000,14.5;15,0.00146293
236000,15;15.5,0
236000,15.5;16,0
237000,0;0.5,0
237000,0.5;1,0
237000,1;1.5,249.689
237000,1.5;2,160.48
237000,2;2.5,121.855
237000,2.5;3,127.835
237000,3;3.5,87.0715
237000,3.5;4,90.012
237000,4;4.5,67.0475
237000,4.5;5,63.3284
237000,5;5.5,51.6874
237000,5.5;6,46.2552
237000,6;6.5,39.2071
237000,6.5;7,33.7211
237000,7;7.5,27.9275
237000,7.5;8,23.2945
237000,8;8.5,17.9952
237000,8.5;9,13.6101
237000,9;9.5,9.06021
237000,9.5;10,5.99237
237000,10;10.5,3.7349
237000,10.5;11,2.30505
237000,11;11.5,1.3403
237000,11.5;12,0.680034
237000,12;12.5,0.31071
237000,12.5;13,0.123343
237000,13;13.5,0.0552926
237000,13.5;14,0.0126258
237000,14;14.5,0.00783693
237000,14.5;15,0.000731467
237000,15;15.5,0
237000,15.5;16,0
238000,0;0.5,0
238000,0.5;1,0
238000,1;1.5,249.689
238000,1.5;2,161.151
238000,2;2.5,121.761
238000,2.5;3,127.94
238000,3;3.5,86.9963
238000,3.5;4,90.3623
238000,4;4.5,67.2059
238000,4.5;5,63.4553
238000,5;5.5,51.722
238000,5.5;6,46.3321
238000,6;6.5,39.1256
238000,6.5;7,33.5395
238000,7;7.5,28.1939
238000,7.5;8,23.1064
238000,8;8.5,18.1028
238000,8.5;9,13.4854
238000,9;9.5,9.13459
238000,9.5;10,5.95889
238000,10;10.5,3.73793
238000,10.5;11,2.2844
238000,11;11.5,1.33024
238000,11.5;12,0.659288
238000,12;12.5,0.306468
238000,12.5;13,0.115512
238000,13;13.5,0.056199
238000,13.5;14,0.0126258
238000,14;14.5,0.00705324
238000,14.5;15,0.00146293
238000,15;15.5,0
238000,15.5;16,0
239000,0;0.5,0
239000,0.5;1,0
239000,1;1.5,247.98
239000,1.5;2,161.512
239000,2;2.5,121.354
239000,2.5;3,127.604
239000,3;3.5,86.8309
239000,3.5;4,90.1928
239000,4;4.5,67.0827
239000,4.5;5,63.1874
239000,5;5.5,51.7508
239000,5.5;6,46.3658
239000,6;6.5,39.1012
239000,6.5;7,33.7246
239000,7;7.5,28.0547
239000,7.5;8,23.1673
239000,8;8.5,17.9461
239000,8.5;9,13.6579
239000,9;9.5,9.02302
239000,9.5;10,5.96057
239000,10;10.5,3.76974
239000,10.5;11,2.34498
239000,11;11.5,1.33275
239000,11.5;12,0.68695
239000,12;12.5,0.317073
239000,12.5;13,0.133132
239000,13;13.5,0.0616376
239000,13.5;14,0.0109423
239000,14;14.5,0.00862062
239000,14.5;15,0.000731467
239000,15;15.5,0
239000,15.5;16,0
240000,0;0.5,0
240000,0.5;1,0
240000,1;1.5,249.488
240000,1.5;2,161.357
240000,2;2.5,121.292
240000,2.5;3,127.73
240000,3;3.5,87.252
240000,3.5;4,90.3058
240000,4;4.5,67.1355
240000,4.5;5,63.4412
240000,5;5.5,51.7393
240000,5.5;6,46.2215
240000,6;6.5,39.1134
240000,6.5;7,33.742
240000,7;7.5,27.9729
240000,7.5;8,23.3077
240000,8;8.5,17.9999
240000,8.5;9,13.5685
240000,9;9.5,9.05649
240000,9.5;10,5.97731
240000,10;10.5,3.74702
240000,10.5;11,2.3023
240000,11;11.5,1.32144
240000,11.5;12,0.665051
240000,12;12.5,0.307529
240000,12.5;13,0.120406
240000,13;13.5,0.0525733
240000,13.5;14,0.0117841
240000,14;14.5,0.00783693
240000,14.5;15,0.000731467
240000,15;15.5,0
240000,15.5;16,0
241000,0;0.5,0
241000,0.5;1,0
241000,1;1.5,248.483
241000,1.5;2,160.015
241000,2;2.5,122.074
241000,2.5;3,127.226
241000,3;3.5,86.8009
241000,3.5;4,89.7182
241000,4;4.5,66.7923
241000,4.5;5,63.1311
241000,5;5.5,51.1565
241000,5.5;6,46.361
241000,6;6.5,39.0605
241000,6.5;7,33.7246
241000,7;7.5,28.0244
241000,7.5;8,23.4269
241000,8;8.5,18.0607
241000,8.5;9,13.5976
241000,9;9.5,9.16807
241000,9.5;10,6.02418
241000,10;10.5,3.79549
241000,10.5;11,2.33259
241000,11;11.5,1.3491
241000,11.5;12,0.68234
241000,12;12.5,0.304347
241000,12.5;13,0.125301
241000,13;13.5,0.0580119
241000,13.5;14,0.0117841
241000,14;14.5,0.00862062
241000,14.5;15,0.000731467
241000,15;15.5,0
241000,15.5;16,0
242000,0;0.5,0
242000,0.5;1,0
242000,1;1.5,250.192
242000,1.5;2,160.893
242000,2;2.5,121.511
242000,2.5;3,128.275
242000,3;3.5,86.9963
242000,3.5;4,90.4414
242000,4;4.5,67.2939
242000,4.5;5,63.6949
242000,5;5.5,51.5143
242000,5.5;6,46.5053
242000,6;6.5,39.0768
242000,6.5;7,33.763
242000,7;7.5,28.0456
242000,7.5;8,23.1885
242000,8;8.5,17.9438
242000,8.5;9,13.529
242000,9;9.5,8.94119
242000,9.5;10,5.95387
242000,10;10.5,3.73642
242000,10.5;11,2.3202
242000,11;11.5,1.32647
242000,11.5;12,0.681187
242000,12;12.5,0.306468
242000,12.5;13,0.131174
242000,13;13.5,0.0589183
242000,13.5;14,0.0134675
242000,14;14.5,0.00705324
242000,14.5;15,0.00146293
242000,15;15.5,0
242000,15.5;16,0
243000,0;0.5,0
243000,0.5;1,0
243000,1;1.5,249.387
243000,1.5;2,160.325
243000,2;2.5,122.669
243000,2.5;3,127.709
243000,3;3.5,86.6354
243000,3.5;4,90.1476
243000,4;4.5,66.8979
243000,4.5;5,63.3002
243000,5;5.5,51.5893
243000,5.5;6,46.2744
243000,6;6.5,39.2356
243000,6.5;7,33.6861
243000,7;7.5,28.0879
243000,7.5;8,23.0905
243000,8;8.5,18.1425
243000,8.5;9,13.5124
243000,9;9.5,9.12716
243000,9.5;10,5.98568
243000,10;10.5,3.76065
243000,10.5;11,2.31882
243000,11;11.5,1.33024
243000,11.5;12,0.678882
243000,12;12.5,0.307529
243000,12.5;13,0.125301
243000,13;13.5,0.0534797
243000,13.5;14,0.0134675
243000,14;14.5,0.00783693
243000,14.5;15,0.000731467
243000,15;15.5,0
243000,15.5;16,0
244000,0;0.5,0
244000,0.5;1,0
244000,1;1.5,248.483
244000,1.5;2,161.409
244000,2;2.5,121.793
244000,2.5;3,128.107
244000,3;3.5,87.1467
244000,3.5;4,90.0007
244000,4;4.5,67.4876
244000,4.5;5,63.3214
244000,5;5.5,51.8547
244000,5.5;6,46.3658
244000,6;6.5,39.0686
244000,6.5;7,33.6722
244000,7;7.5,27.8912
244000,7.5;8,23.313
244000,8;8.5,18.0116
244000,8.5;9,13.5685
244000,9;9.5,9.0881
244000,9.5;10,5.95555
244000,10;10.5,3.71521
244000,10.5;11,2.30505
244000,11;11.5,1.31641
244000,11.5;12,0.670814
244000,12;12.5,0.303287
244000,12.5;13,0.124322
244000,13;13.5,0.0534797
244000,13.5;14,0.0126258
244000,14;14.5,0.00705324
244000,14.5;15,0.000731467
244000,15;15.5,0
244000,15.5;16,0
245000,0;0.5,0
245000,0.5;1,0
245000,1;1.5,248.382
245000,1.5;2,161.048
245000,2;2.5,121.855
245000,2.5;3,128.233
245000,3;3.5,86.3196
245000,3.5;4,90.2493
245000,4;4.5,67.0563
245000,4.5;5,63.3848
245000,5;5.5,51.8201
245000,5.5;6,46.2407
245000,6;6.5,39.2152
245000,6.5;7,33.5849
245000,7;7.5,28.0002
245000,7.5;8,23.2945
245000,8;8.5,17.9578
245000,8.5;9,13.635
245000,9;9.5,9.03231
245000,9.5;10,6.00911
245000,10;10.5,3.74096
245000,10.5;11,2.33259
245000,11;11.5,1.32521
245000,11.5;12,0.670814
245000,12;12.5,0.307529
245000,12.5;13,0.124322
245000,13;13.5,0.0571054
245000,13.5;14,0.0126258
245000,14;14.5,0.00862062
245000,14.5;15,0.000731467
245000,15;15.5,0
245000,15.5;16,0
246000,0;0.5,0
246000,0.5;1,0
246000,1;1.5,249.287
246000,1.5;2,160.996
246000,2;2.5,121.793
246000,2.5;3,128.359
246000,3;3.5,86.7106
246000,3.5;4,90.4414
246000,4;4.5,66.9683
246000,4.5;5,63.4623
246000,5;5.5,51.6643
246000,5.5;6,46.1445
246000,6;6.5,39.313
246000,6.5;7,33.536
246000,7;7.5,28.1576
246000,7.5;8,23.0004
246000,8;8.5,18.0116
246000,8.5;9,13.5768
246000,9;9.5,9.03045
246000,9.5;10,6.03422
246000,10;10.5,3.72127
246000,10.5;11,2.35049
246000,11;11.5,1.33527
246000,11.5;12,0.671966
246000,12;12.5,0.325556
246000,12.5;13,0.125301
246000,13;13.5,0.0616376
246000,13.5;14,0.0126258
246000,14;14.5,0.00783693
246000,14.5;15,0.000731467
246000,15;15.5,0
246000,15.5;16,0
247000,0;0.5,0
247000,0.5;1,0
247000,1;1.5,248.985
247000,1.5;2,161.357
247000,2;2.5,121.73
247000,2.5;3,127.646
247000,3;3.5,86.6505
247000,3.5;4,90.5884
247000,4;4.5,67.2059
247000,4.5;5,63.7019
247000,5;5.5,51.4104
247000,5.5;6,46.6785
247000,6;6.5,39.1704
247000,6.5;7,33.6233
247000,7;7.5,27.9971
247000,7.5;8,23.2441
247000,8;8.5,18.0256
247000,8.5;9,13.5103
247000,9;9.5,9.04719
247000,9.5;10,5.95722
247000,10;10.5,3.71673
247000,10.5;11,2.29954
247000,11;11.5,1.32395
247000,11.5;12,0.676577
247000,12;12.5,0.308589
247000,12.5;13,0.118448
247000,13;13.5,0.0598247
247000,13.5;14,0.0109423
247000,14;14.5,0.00862062
247000,14.5;15,0.000731467
247000,15;15.5,0
247000,15.5;16,0
248000,0;0.5,0
248000,0.5;1,0
248000,1;1.5,248.684
248000,1.5;2,160.118
248000,2;2.5,121.667
248000,2.5;3,126.995
248000,3;3.5,86.47
248000,3.5;4,90.0459
248000,4;4.5,66.5986
248000,4.5;5,63.3636
248000,5;5.5,51.3527
248000,5.5;6,46.1253
248000,6;6.5,39.2397
248000,6.5;7,33.543
248000,7;7.5,28.0547
248000,7.5;8,23.4004
248000,8;8.5,18.0209
248000,8.5;9,13.6579
248000,9;9.5,9.15133
248000,9.5;10,6.0225
248000,10;10.5,3.78034
248000,10.5;11,2.33121
248000,11;11.5,1.35287
248000,11.5;12,0.690408
248000,12;12.5,0.318133
248000,12.5;13,0.133132
248000,13;13.5,0.0607312
248000,13.5;14,0.0126258
248000,14;14.5,0.00862062
248000,14.5;15,0
248000,15;15.5,0
248000,15.5;16,0
249000,0;0.5,0
249000,0.5;1,0
249000,1;1.5,248.181
249000,1.5;2,161.099
249000,2;2.5,121.73
249000,2.5;3,128.632
249000,3;3.5,86.4399
249000,3.5;4,90.4979
249000,4;4.5,67.0651
249000,4.5;5,63.4553
249000,5;5.5,51.7047
249000,5.5;6,46.4043
249000,6;6.5,39.0198
249000,6.5;7,33.7246
249000,7;7.5,27.9245
249000,7.5;8,23.2282
249000,8;8.5,17.9648
249000,8.5;9,13.6142
249000,9;9.5,9.03603
249000,9.5;10,5.95889
249000,10;10.5,3.76368
249000,10.5;11,2.34085
249000,11;11.5,1.32521
249000,11.5;12,0.675424
249000,12;12.5,0.307529
249000,12.5;13,0.12628
249000,13;13.5,0.0552926
249000,13.5;14,0.0117841
249000,14;14.5,0.00862062
249000,14.5;15,0.000731467
249000,15;15.5,0
249000,15.5;16,0
250000,0;0.5,0
250000,0.5;1,0
250000,1;1.5,248.684
250000,1.5;2,161.099
250000,2;2.5,121.511
250000,2.5;3,127.772
250000,3;3.5,87.0565
250000,3.5;4,90.012
250000,4;4.5,67.0299
250000,4.5;5,62.9478
250000,5;5.5,51.722
250000,5.5;6,46.1349
250000,6;6.5,39.1134
250000,6.5;7,33.8363
250000,7;7.5,27.9427
250000,7.5;8,23.3289
250000,8;8.5,17.9929
250000,8.5;9,13.6496
250000,9;9.5,9.13831
250000,9.5;10,6.00576
250000,10;10.5,3.7349
250000,10.5;11,2.31882
250000,11;11.5,1.32647
250000,11.5;12,0.678882
250000,12;12.5,0.304347
250000,12.5;13,0.123343
250000,13;13.5,0.056199
250000,13.5;14,0.0109423
250000,14;14.5,0.00862062
250000,14.5;15,0.000731467
250000,15;15.5,0
250000,15.5;16,0
